GeneID,id
9604,0
2908,1
8031,2
2099,3
7324,4
367,5
55585,6
10273,7
9921,8
1915,9
7088,10
10813,11
1287,12
60492,13
9869,14
26994,15
11060,16
83737,17
11059,18
4734,19
51619,20
10617,21
7322,22
8078,23
2074,24
7321,25
8737,26
9372,27
8517,28
10422,29
4646,30
11201,31
133957,32
2060,33
64750,34
10075,35
29978,36
10241,37
9765,38
56893,39
5788,40
6625,41
868,42
6233,43
10133,44
27342,45
29924,46
55040,47
22905,48
26088,49
54165,50
23163,51
10318,52
6386,53
8887,54
8925,55
7334,56
165918,57
10015,58
7128,59
23327,60
7311,61
8924,62
59348,63
146691,64
7314,65
7316,66
84164,67
10254,68
28954,69
7534,70
783,71
782,72
10971,73
785,74
7533,75
7531,76
57132,77
23020,78
25904,79
6749,80
128866,81
8045,82
8766,83
8802,84
27183,85
9525,86
5119,87
51510,88
5372,89
5870,90
445,91
2006,92
64400,93
369,94
2272,95
7329,96
6714,97
3329,98
2232,99
2934,100
163051,101
382,102
22795,103
3915,104
1305,105
6498,106
3339,107
8536,108
4842,109
10014,110
801,111
8672,112
2597,113
10645,114
84254,115
466,116
6853,117
6697,118
818,119
286075,120
4188,121
814,122
9759,123
5970,124
1387,125
84872,126
11030,127
6310,128
55905,129
26289,130
27246,131
7879,132
79882,133
54474,134
23265,135
6693,136
1616,137
2534,138
7430,139
1499,140
4478,141
3383,142
3956,143
6614,144
54778,145
4092,146
4091,147
8312,148
4088,149
2902,150
5518,151
2521,152
6709,153
3265,154
5605,155
5335,156
7187,157
1759,158
1213,159
11113,160
821,161
1741,162
1740,163
1742,164
4747,165
4133,166
4627,167
3192,168
116443,169
3303,170
22839,171
1846,172
1000,173
2048,174
5911,175
4763,176
2050,177
5520,178
5579,179
5581,180
815,181
5582,182
5327,183
8831,184
6670,185
7082,186
88,187
6197,188
340719,189
7804,190
10142,191
1812,192
2904,193
2903,194
2906,195
9118,196
23761,197
221955,198
54505,199
1660,200
6606,201
672,202
10657,203
10594,204
3725,205
2959,206
26993,207
3183,208
7153,209
5111,210
3069,211
10482,212
3276,213
11218,214
5430,215
6628,216
6732,217
6780,218
6629,219
6908,220
50628,221
8932,222
3609,223
6949,224
10528,225
7343,226
1459,227
4928,228
4927,229
1104,230
3843,231
23636,232
55746,233
6396,234
3837,235
3842,236
7175,237
2033,238
8480,239
7508,240
5887,241
5886,242
2965,243
2071,244
6996,245
1069,246
27258,247
4086,248
1643,249
6667,250
3312,251
55729,252
5914,253
2113,254
4609,255
6464,256
6671,257
8863,258
1457,259
595,260
80063,261
5928,262
914,263
3091,264
6663,265
1958,266
10291,267
2516,268
57708,269
6874,270
2100,271
3172,272
4208,273
4209,274
3065,275
3066,276
7528,277
4089,278
4087,279
5591,280
5966,281
9612,282
9611,283
7704,284
7025,285
5595,286
5594,287
5371,288
6886,289
5933,290
6256,291
3159,292
54880,293
7157,294
1870,295
7428,296
30812,297
6721,298
6720,299
26574,300
2551,301
4801,302
4800,303
1997,304
4656,305
1051,306
7071,307
4654,308
3054,309
5925,310
1316,311
9314,312
4487,313
5705,314
4846,315
51341,316
10848,317
1871,318
836,319
1869,320
8473,321
23126,322
5813,323
3064,324
604,325
5451,326
7507,327
2961,328
11186,329
29935,330
472,331
6117,332
6118,333
545,334
11321,335
2067,336
56949,337
7341,338
8859,339
8554,340
79012,341
6919,342
57799,343
114034,344
5662,345
1294,346
284217,347
29066,348
649,349
2335,350
25827,351
7057,352
1282,353
1277,354
3918,355
3914,356
4313,357
92799,358
3911,359
567,360
912,361
913,362
910,363
10859,364
909,365
3107,366
3106,367
811,368
3135,369
3134,370
3133,371
2,372
11098,373
925,374
2217,375
3077,376
3105,377
25936,378
79003,379
23468,380
79980,381
3680,382
6303,383
3688,384
6696,385
5829,386
7357,387
6252,388
10313,389
487,390
5350,391
6588,392
3667,393
8660,394
488,395
6271,396
596,397
489,398
3672,399
4146,400
1295,401
550,402
7094,403
5771,404
274,405
3673,406
58,407
1278,408
928,409
4312,410
3675,411
11234,412
7077,413
3732,414
8754,415
2274,416
977,417
3964,418
7106,419
5877,420
3676,421
3695,422
9404,423
975,424
3386,425
1462,426
5566,427
7041,428
8174,429
8726,430
10863,431
5573,432
6014,433
5365,434
5900,435
6654,436
23179,437
6018,438
5457,439
6016,440
57154,441
5764,442
59349,443
160,444
3475,445
8452,446
3679,447
2275,448
4653,449
1134,450
7201,451
7200,452
408,453
10260,454
7532,455
23075,456
1951,457
142,458
10113,459
7046,460
22822,461
5359,462
8761,463
3308,464
8664,465
9045,466
22824,467
83755,468
55325,469
823,470
2596,471
1996,472
5580,473
5333,474
9135,475
59340,476
2775,477
2769,478
6360,479
2770,480
54850,481
1028,482
5349,483
3274,484
114928,485
80028,486
2922,487
2925,488
1803,489
4224,490
4225,491
1288,492
1634,493
4147,494
351,495
22918,496
5008,497
3026,498
4318,499
2199,500
5270,501
1286,502
118429,503
6288,504
7045,505
1285,506
7399,507
816,508
4237,509
1284,510
651,511
633,512
6291,513
325,514
6289,515
4811,516
43,517
2896,518
6590,519
1991,520
348487,521
8328,522
4093,523
3101,524
1822,525
8788,526
3198,527
904,528
1025,529
8940,530
10164,531
947,532
3687,533
718,534
3689,535
83700,536
2208,537
597,538
5366,539
638,540
637,541
3164,542
581,543
578,544
666,545
572,546
2885,547
8739,548
10018,549
27113,550
9241,551
655,552
653,553
652,554
650,555
3685,556
4323,557
7040,558
5156,559
5747,560
3897,561
5354,562
27329,563
7070,564
3690,565
3694,566
3696,567
961,568
3693,569
5029,570
563,571
2149,572
10298,573
10085,574
63940,575
6840,576
2261,577
3683,578
3385,579
7087,580
50848,581
10048,582
3684,583
3654,584
3075,585
5329,586
3240,587
2811,588
10332,589
30835,590
3384,591
2266,592
3131,593
406,594
1628,595
3681,596
7412,597
3682,598
999,599
55743,600
29979,601
4125,602
79987,603
23355,604
5318,605
23592,606
51676,607
23049,608
8663,609
3646,610
8665,611
8544,612
23650,613
81624,614
2313,615
5069,616
11177,617
10905,618
9093,619
57492,620
405,621
5989,622
9646,623
7013,624
60,625
8543,626
9640,627
64333,628
201516,629
1583,630
7337,631
4299,632
57104,633
6238,634
667,635
10274,636
5256,637
55236,638
11034,639
5467,640
84914,641
2512,642
9839,643
80325,644
7266,645
5660,646
9652,647
5529,648
63891,649
9070,650
64129,651
27043,652
8888,653
26508,654
7832,655
119587,656
7403,657
10903,658
54893,659
55769,660
23086,661
64795,662
23462,663
64374,664
4041,665
6904,666
83744,667
51523,668
90,669
5714,670
23451,671
81570,672
55611,673
6711,674
10140,675
132884,676
79230,677
1877,678
4245,679
57134,680
22943,681
9320,682
55577,683
1442,684
55898,685
9662,686
4152,687
79048,688
4012,689
79586,690
55809,691
10733,692
8239,693
207,694
10139,695
2192,696
10272,697
323,698
64777,699
8021,700
3068,701
10363,702
114790,703
8928,704
5576,705
4149,706
163126,707
5678,708
5670,709
5058,710
6988,711
3224,712
23551,713
91,714
81788,715
10987,716
196513,717
55802,718
6497,719
163,720
10783,721
57510,722
10131,723
5717,724
7030,725
1745,726
1111,727
51588,728
57381,729
51295,730
391,731
55872,732
221079,733
55030,734
4205,735
65264,736
84085,737
23090,738
5898,739
5865,740
79753,741
4090,742
29984,743
5603,744
3300,745
10256,746
10457,747
55660,748
9375,749
4435,750
7048,751
9027,752
58486,753
10664,754
2308,755
5575,756
100506658,757
51176,758
9392,759
115426,760
25925,761
3702,762
60676,763
440275,764
9063,765
10401,766
22800,767
3205,768
7332,769
7750,770
51285,771
2290,772
966,773
3726,774
3727,775
2309,776
84932,777
8767,778
4303,779
81629,780
83871,781
5872,782
4893,783
7554,784
23682,785
2737,786
1855,787
140901,788
5880,789
1602,790
121268,791
84206,792
54440,793
6158,794
8878,795
56288,796
57111,797
4855,798
8945,799
2130,800
1386,801
11338,802
3239,803
5936,804
85313,805
83595,806
6660,807
6262,808
3209,809
392255,810
11284,811
6839,812
79723,813
586,814
4221,815
6421,816
6626,817
654,818
5782,819
3048,820
2316,821
11171,822
860,823
658,824
6885,825
8458,826
7270,827
1432,828
5608,829
27107,830
9580,831
22992,832
51427,833
2547,834
55870,835
10413,836
5606,837
8520,838
29068,839
57559,840
28996,841
145258,842
7629,843
10691,844
3631,845
4762,846
7205,847
55140,848
90627,849
5901,850
8850,851
51560,852
9698,853
10001,854
6605,855
379,856
7514,857
85015,858
58473,859
22869,860
51035,861
84079,862
3622,863
51304,864
9459,865
55643,866
4739,867
9457,868
26151,869
5707,870
231,871
5692,872
657,873
79674,874
27314,875
7138,876
9091,877
161,878
4853,879
26959,880
7052,881
288,882
1601,883
55223,884
5915,885
51386,886
56956,887
10393,888
8065,889
7592,890
51366,891
9516,892
79640,893
26286,894
8881,895
5494,896
10226,897
2969,898
10956,899
29882,900
6935,901
996,902
9972,903
5824,904
7249,905
23054,906
23216,907
10914,908
1154,909
5599,910
6717,911
3656,912
1874,913
5601,914
4005,915
3643,916
7161,917
1019,918
51362,919
6767,920
6208,921
4802,922
10771,923
51586,924
162,925
23557,926
57459,927
54680,928
2201,929
9146,930
1778,931
22938,932
6093,933
56850,934
55827,935
7050,936
22823,937
6736,938
5916,939
9863,940
56478,941
7465,942
8454,943
5657,944
675,945
4194,946
11108,947
57338,948
7431,949
864,950
9978,951
5325,952
4904,953
7421,954
2035,955
79595,956
1655,957
2353,958
993,959
9569,960
4645,961
7849,962
2034,963
55146,964
5190,965
3096,966
3858,967
6175,968
3849,969
11018,970
2122,971
7170,972
8091,973
1017,974
10148,975
10992,976
5047,977
8313,978
5324,979
79673,980
4000,981
10610,982
1875,983
1443,984
5097,985
4851,986
10428,987
60436,988
467,989
80198,990
146956,991
11200,992
11141,993
23413,994
3482,995
3481,996
8804,997
3002,998
1509,999
175,1000
55690,1001
23062,1002
5328,1003
5356,1004
988,1005
1163,1006
1843,1007
1164,1008
6502,1009
1027,1010
9048,1011
2676,1012
417,1013
5155,1014
10558,1015
9517,1016
19,1017
4110,1018
80152,1019
22911,1020
85302,1021
7186,1022
984,1023
30851,1024
55840,1025
84335,1026
4140,1027
4189,1028
79269,1029
6456,1030
6917,1031
2960,1032
9541,1033
55677,1034
9150,1035
57455,1036
84701,1037
54205,1038
51283,1039
843,1040
841,1041
1896,1042
60401,1043
10913,1044
5045,1045
51268,1046
57489,1047
164592,1048
6517,1049
11007,1050
93664,1051
84466,1052
627,1053
1756,1054
1813,1055
2643,1056
153733,1057
374618,1058
23263,1059
387,1060
998,1061
5879,1062
123169,1063
478,1064
477,1065
7178,1066
476,1067
53822,1068
486,1069
118,1070
5348,1071
1956,1072
2146,1073
1072,1074
10397,1075
56848,1076
4067,1077
8877,1078
7189,1079
1508,1080
26750,1081
80309,1082
1501,1083
1805,1084
4015,1085
51194,1086
84812,1087
10477,1088
6136,1089
79004,1090
5241,1091
51535,1092
9804,1093
838,1094
5493,1095
64506,1096
83658,1097
23095,1098
57596,1099
1739,1100
58500,1101
9099,1102
5987,1103
9729,1104
117144,1105
11170,1106
147687,1107
50619,1108
3983,1109
22893,1110
1838,1111
55734,1112
26150,1113
27288,1114
6434,1115
18,1116
7915,1117
8424,1118
8988,1119
1978,1120
2475,1121
10907,1122
57560,1123
5362,1124
8100,1125
6103,1126
6668,1127
112,1128
2778,1129
1139,1130
5894,1131
84634,1132
3814,1133
55388,1134
1026,1135
4591,1136
151871,1137
990,1138
8317,1139
115106,1140
22981,1141
1029,1142
55722,1143
29911,1144
4176,1145
4175,1146
4172,1147
4171,1148
896,1149
3866,1150
23099,1151
80321,1152
1021,1153
9688,1154
23165,1155
3588,1156
3587,1157
3586,1158
50616,1159
90226,1160
114131,1161
23192,1162
11345,1163
81631,1164
11337,1165
115201,1166
401,1167
1388,1168
9464,1169
7379,1170
11045,1171
6402,1172
1401,1173
3078,1174
3426,1175
5806,1176
1758,1177
133,1178
4860,1179
83988,1180
64216,1181
11244,1182
333,1183
7019,1184
9497,1185
7529,1186
8671,1187
1080,1188
629,1189
5199,1190
721,1191
5411,1192
51538,1193
10921,1194
1258,1195
23524,1196
8899,1197
3875,1198
1781,1199
9360,1200
1487,1201
1488,1202
3856,1203
3880,1204
8992,1205
529,1206
57817,1207
30061,1208
51804,1209
2140,1210
2139,1211
147912,1212
3146,1213
4990,1214
6495,1215
2070,1216
2138,1217
10736,1218
6496,1219
7090,1220
8013,1221
5080,1222
51053,1223
245812,1224
7099,1225
10330,1226
22877,1227
29116,1228
8867,1229
273,1230
23360,1231
6453,1232
29993,1233
51100,1234
23616,1235
29763,1236
1020,1237
5530,1238
8470,1239
6455,1240
30011,1241
6457,1242
10179,1243
3241,1244
55110,1245
54997,1246
8812,1247
10362,1248
10579,1249
51317,1250
24137,1251
3191,1252
79719,1253
9094,1254
84103,1255
7277,1256
1107,1257
10980,1258
113,1259
1937,1260
23476,1261
6790,1262
2550,1263
6856,1264
6844,1265
5992,1266
5990,1267
5991,1268
5993,1269
4261,1270
8625,1271
5994,1272
6620,1273
3028,1274
8650,1275
83941,1276
1410,1277
7042,1278
10513,1279
5645,1280
25,1281
5300,1282
3416,1283
7159,1284
27429,1285
5646,1286
322,1287
12,1288
321,1289
642,1290
3032,1291
5664,1292
5663,1293
2932,1294
10307,1295
839,1296
9454,1297
9455,1298
63941,1299
1600,1300
9253,1301
10418,1302
84570,1303
53358,1304
857,1305
25825,1306
2817,1307
348,1308
8883,1309
2161,1310
1191,1311
23385,1312
9479,1313
23542,1314
53353,1315
10134,1316
23621,1317
837,1318
4035,1319
320,1320
9546,1321
3827,1322
10524,1323
3163,1324
9445,1325
10211,1326
6622,1327
3831,1328
5481,1329
26119,1330
9369,1331
54413,1332
8573,1333
4782,1334
4781,1335
9500,1336
3097,1337
4784,1338
10474,1339
9378,1340
84958,1341
94120,1342
54843,1343
23499,1344
27111,1345
57586,1346
26037,1347
57555,1348
22871,1349
22895,1350
23026,1351
143425,1352
6857,1353
127833,1354
6860,1355
6861,1356
148281,1357
9066,1358
23037,1359
11248,1360
11249,1361
30010,1362
222546,1363
324,1364
22920,1365
8826,1366
7020,1367
50649,1368
3728,1369
9229,1370
22919,1371
6101,1372
699,1373
6477,1374
4582,1375
5525,1376
5783,1377
5515,1378
1454,1379
6059,1380
6036,1381
6041,1382
7385,1383
57142,1384
7384,1385
7511,1386
23649,1387
60561,1388
6522,1389
760,1390
2038,1391
2677,1392
2147,1393
2155,1394
2158,1395
632,1396
2159,1397
5624,1398
653361,1399
10656,1400
5336,1401
6595,1402
6774,1403
5921,1404
5753,1405
10750,1406
9402,1407
3718,1408
5295,1409
91746,1410
10381,1411
3055,1412
5777,1413
4690,1414
695,1415
867,1416
5913,1417
983,1418
3190,1419
10436,1420
3932,1421
11193,1422
84708,1423
80125,1424
9491,1425
27316,1426
5940,1427
9905,1428
79797,1429
79873,1430
202559,1431
246329,1432
54819,1433
5465,1434
3973,1435
3972,1436
1081,1437
9368,1438
83539,1439
10755,1440
7253,1441
2771,1442
79720,1443
7251,1444
51160,1445
10570,1446
56896,1447
1808,1448
1809,1449
3309,1450
1807,1451
2242,1452
5338,1453
203068,1454
1400,1455
3485,1456
7018,1457
3817,1458
3479,1459
3486,1460
2975,1461
3818,1462
3480,1463
2821,1464
4052,1465
960,1466
1511,1467
354,1468
8038,1469
3483,1470
5340,1471
4314,1472
3484,1473
56547,1474
3489,1475
3490,1476
6352,1477
6382,1478
3630,1479
3624,1480
7422,1481
6366,1482
3627,1483
3487,1484
3488,1485
7448,1486
56902,1487
5054,1488
2697,1489
2700,1490
2702,1491
1445,1492
5578,1493
1453,1494
27352,1495
5598,1496
4284,1497
187,1498
8862,1499
2703,1500
8516,1501
255743,1502
51074,1503
84313,1504
317,1505
8890,1506
8892,1507
1965,1508
8894,1509
8893,1510
1452,1511
2931,1512
27243,1513
7203,1514
1967,1515
8891,1516
8614,1517
51280,1518
4714,1519
51073,1520
151,1521
150,1522
154,1523
152,1524
11215,1525
5979,1526
158798,1527
9590,1528
11214,1529
11216,1530
84073,1531
5613,1532
10981,1533
863,1534
26960,1535
6407,1536
10564,1537
8936,1538
9495,1539
9472,1540
9465,1541
5500,1542
8165,1543
10566,1544
10270,1545
6344,1546
862,1547
5577,1548
8852,1549
3927,1550
10628,1551
7295,1552
8796,1553
3838,1554
27033,1555
7296,1556
4291,1557
8533,1558
2901,1559
29959,1560
23475,1561
51684,1562
9742,1563
2188,1564
2189,1565
93145,1566
2176,1567
2175,1568
3280,1569
3674,1570
1207,1571
948,1572
10519,1573
7450,1574
1280,1575
2243,1576
3428,1577
3398,1578
3399,1579
3397,1580
7158,1581
54102,1582
1815,1583
1814,1584
10878,1585
25932,1586
53405,1587
87,1588
1193,1589
6399,1590
9379,1591
90678,1592
4595,1593
6258,1594
51252,1595
8794,1596
4633,1597
11282,1598
79142,1599
3678,1600
2064,1601
5175,1602
80781,1603
11188,1604
3371,1605
394,1606
2324,1607
284,1608
2263,1609
10430,1610
51225,1611
432,1612
1719,1613
7184,1614
433,1615
7038,1616
3320,1617
2157,1618
668,1619
3655,1620
3691,1621
3921,1622
5125,1623
967,1624
1308,1625
2300,1626
659,1627
8539,1628
2247,1629
3113,1630
972,1631
3115,1632
920,1633
26017,1634
55968,1635
57179,1636
79159,1637
138065,1638
25900,1639
89885,1640
2203,1641
148223,1642
79173,1643
4603,1644
4691,1645
9572,1646
9975,1647
10002,1648
57727,1649
9104,1650
4605,1651
898,1652
286826,1653
8900,1654
890,1655
997,1656
90441,1657
27044,1658
9270,1659
4036,1660
889,1661
26548,1662
7553,1663
6129,1664
54962,1665
8914,1666
56673,1667
7535,1668
52,1669
55824,1670
9846,1671
54900,1672
921,1673
2185,1674
919,1675
6452,1676
1398,1677
974,1678
26191,1679
7305,1680
84174,1681
27240,1682
115352,1683
84433,1684
1845,1685
2214,1686
6461,1687
10019,1688
5774,1689
3937,1690
6503,1691
28988,1692
7409,1693
5618,1694
150372,1695
3454,1696
27040,1697
114836,1698
7456,1699
916,1700
81620,1701
5511,1702
4173,1703
9833,1704
4174,1705
5499,1706
4688,1707
4843,1708
1794,1709
6242,1710
23647,1711
397,1712
396,1713
10811,1714
2664,1715
23463,1716
5881,1717
6927,1718
29123,1719
1124,1720
1123,1721
84552,1722
8874,1723
752,1724
9181,1725
84612,1726
50855,1727
5305,1728
1729,1729
8871,1730
5521,1731
5337,1732
7097,1733
55843,1734
5062,1735
81704,1736
84218,1737
10988,1738
3459,1739
51330,1740
10787,1741
5364,1742
7074,1743
55561,1744
4216,1745
5910,1746
4543,1747
10451,1748
7410,1749
10458,1750
10928,1751
56990,1752
56882,1753
6418,1754
6772,1755
6198,1756
7204,1757
7454,1758
29109,1759
5923,1760
5610,1761
4952,1762
23191,1763
3895,1764
10788,1765
4983,1766
1856,1767
398,1768
5584,1769
1536,1770
1535,1771
3556,1772
64857,1773
840,1774
55920,1775
4296,1776
1793,1777
7414,1778
10580,1779
4892,1780
125950,1781
5720,1782
10391,1783
7408,1784
1495,1785
10152,1786
6401,1787
5310,1788
7415,1789
10013,1790
4792,1791
387082,1792
22888,1793
79139,1794
3717,1795
137886,1796
80124,1797
5700,1798
80700,1799
7486,1800
10953,1801
25897,1802
10277,1803
9354,1804
6811,1805
267,1806
4287,1807
10815,1808
6804,1809
1175,1810
2690,1811
22841,1812
84258,1813
9342,1814
6462,1815
7913,1816
1785,1817
9685,1818
3092,1819
51172,1820
8301,1821
9829,1822
9892,1823
1174,1824
8618,1825
8394,1826
57670,1827
51631,1828
29994,1829
5089,1830
92806,1831
283234,1832
55625,1833
2647,1834
3218,1835
6124,1836
64754,1837
10445,1838
11258,1839
5316,1840
5087,1841
5090,1842
57085,1843
4211,1844
4628,1845
3233,1846
3211,1847
3206,1848
3202,1849
6604,1850
3236,1851
326,1852
54888,1853
9212,1854
387338,1855
7283,1856
5347,1857
6900,1858
54820,1859
7278,1860
29127,1861
10376,1862
57787,1863
55835,1864
5116,1865
375686,1866
10426,1867
27229,1868
27175,1869
8643,1870
6469,1871
6608,1872
3549,1873
50846,1874
5727,1875
891,1876
10469,1877
100287932,1878
10440,1879
7284,1880
523,1881
144715,1882
135458,1883
3364,1884
5883,1885
5884,1886
5810,1887
11073,1888
63967,1889
79915,1890
4292,1891
598,1892
50618,1893
51614,1894
57222,1895
284358,1896
93649,1897
5506,1898
1760,1899
8409,1900
27443,1901
10128,1902
1827,1903
27257,1904
805,1905
4617,1906
4618,1907
9657,1908
55052,1909
4082,1910
2915,1911
2917,1912
8721,1913
6925,1914
430,1915
5470,1916
56479,1917
3785,1918
3786,1919
5475,1920
800,1921
4760,1922
808,1923
50488,1924
5331,1925
6929,1926
51324,1927
56474,1928
5631,1929
10567,1930
51076,1931
66036,1932
10127,1933
55122,1934
55361,1935
7348,1936
105375355,1937
7380,1938
9228,1939
57502,1940
2869,1941
153,1942
1044,1943
1050,1944
8655,1945
140735,1946
85461,1947
58512,1948
3739,1949
2905,1950
22941,1951
50944,1952
84152,1953
60412,1954
5355,1955
9787,1956
1,1957
10321,1958
1045,1959
39,1960
11339,1961
673,1962
1182,1963
57120,1964
5174,1965
1186,1966
28962,1967
1184,1968
9223,1969
1046,1970
10902,1971
7068,1972
8295,1973
5468,1974
79020,1975
5984,1976
5981,1977
9076,1978
905,1979
29117,1980
10551,1981
6176,1982
3910,1983
8553,1984
11100,1985
2495,1986
55183,1987
580,1988
5272,1989
5050,1990
8019,1991
9001,1992
23774,1993
9638,1994
6046,1995
10294,1996
4914,1997
7874,1998
4233,1999
5888,2000
9278,2001
8161,2002
80196,2003
3460,2004
26469,2005
7006,2006
2549,2007
9050,2008
9051,2009
2734,2010
4791,2011
1948,2012
1947,2013
4804,2014
355,2015
5586,2016
8572,2017
51735,2018
59338,2019
8772,2020
9411,2021
356,2022
1397,2023
54881,2024
2322,2025
80108,2026
7402,2027
9904,2028
23077,2029
10278,2030
9564,2031
8675,2032
5781,2033
945,2034
3572,2035
3977,2036
2206,2037
558,2038
1399,2039
4915,2040
5294,2041
1003,2042
140885,2043
89858,2044
1441,2045
114132,2046
3635,2047
9021,2048
3815,2049
1439,2050
139716,2051
10817,2052
10818,2053
3903,2054
392,2055
887,2056
11006,2057
634,2058
29992,2059
29990,2060
3716,2061
1493,2062
3566,2063
1147,2064
2057,2065
7132,2066
4352,2067
780,2068
7075,2069
5159,2070
1969,2071
10253,2072
613,2073
2321,2074
7010,2075
9019,2076
151888,2077
3791,2078
9961,2079
3953,2080
57292,2081
624,2082
8471,2083
6777,2084
6776,2085
340205,2086
6504,2087
847,2088
7852,2089
3821,2090
5583,2091
81,2092
27036,2093
26292,2094
2661,2095
221184,2096
8904,2097
131034,2098
5784,2099
1496,2100
8811,2101
51083,2102
2776,2103
2587,2104
6640,2105
6641,2106
1821,2107
5239,2108
1605,2109
1837,2110
6645,2111
55646,2112
404550,2113
1438,2114
1437,2115
3551,2116
80262,2117
57576,2118
832,2119
8975,2120
2059,2121
5596,2122
8792,2123
2120,2124
6850,2125
1435,2126
7462,2127
4215,2128
708,2129
4486,2130
22927,2131
10042,2132
10210,2133
2026,2134
5590,2135
5588,2136
23645,2137
63948,2138
51517,2139
3275,2140
10174,2141
3603,2142
60491,2143
4885,2144
23467,2145
4884,2146
5955,2147
57447,2148
79090,2149
27095,2150
25788,2151
7291,2152
3170,2153
55819,2154
10093,2155
6326,2156
65059,2157
23268,2158
51726,2159
339,2160
197131,2161
3119,2162
3117,2163
51444,2164
9444,2165
57060,2166
6880,2167
11236,2168
3199,2169
23136,2170
10419,2171
1974,2172
26511,2173
30008,2174
51070,2175
2307,2176
51545,2177
9802,2178
373,2179
84445,2180
1024,2181
1030,2182
9794,2183
9412,2184
81857,2185
9441,2186
9968,2187
892,2188
112950,2189
55090,2190
902,2191
25976,2192
22803,2193
23566,2194
8263,2195
81793,2196
10681,2197
2742,2198
9535,2199
57118,2200
6446,2201
64005,2202
4542,2203
4643,2204
4641,2205
54700,2206
9031,2207
4640,2208
71,2209
8534,2210
2810,2211
353091,2212
22914,2213
80329,2214
91782,2215
79643,2216
51108,2217
51028,2218
84337,2219
29082,2220
11267,2221
11183,2222
640,2223
27,2224
84966,2225
5770,2226
2887,2227
56917,2228
4212,2229
259215,2230
2886,2231
22933,2232
6688,2233
83983,2234
3326,2235
858,2236
4536,2237
2268,2238
7067,2239
55620,2240
59341,2241
23624,2242
4836,2243
493,2244
4638,2245
23607,2246
8856,2247
80306,2248
5148,2249
51466,2250
84632,2251
7185,2252
8631,2253
302,2254
6549,2255
9322,2256
1084,2257
660,2258
2984,2259
9855,2260
4868,2261
7301,2262
4921,2263
50807,2264
301,2265
28964,2266
4145,2267
7429,2268
225689,2269
2017,2270
7225,2271
1500,2272
3741,2273
6778,2274
64866,2275
6722,2276
51729,2277
3570,2278
3745,2279
6004,2280
27071,2281
155,2282
51741,2283
7275,2284
9644,2285
5587,2286
55114,2287
8751,2288
10044,2289
60312,2290
8506,2291
11099,2292
7294,2293
3636,2294
2705,2295
50852,2296
2114,2297
1796,2298
55715,2299
7015,2300
2670,2301
8525,2302
6598,2303
9046,2304
4179,2305
407,2306
1606,2307
5791,2308
5786,2309
5170,2310
283629,2311
1385,2312
7466,2313
3692,2314
159296,2315
7003,2316
1482,2317
8648,2318
9261,2319
2273,2320
29108,2321
2005,2322
153443,2323
8538,2324
2626,2325
2118,2326
6195,2327
84525,2328
2962,2329
842,2330
2002,2331
4824,2332
9562,2333
5396,2334
22926,2335
25801,2336
775,2337
310,2338
311,2339
779,2340
114,2341
3958,2342
3982,2343
2212,2344
3959,2345
8029,2346
50626,2347
3957,2348
4049,2349
924,2350
94025,2351
7441,2352
9351,2353
7757,2354
3963,2355
771,2356
3960,2357
10094,2358
10874,2359
56923,2360
10316,2361
27102,2362
11140,2363
9451,2364
4780,2365
5611,2366
7297,2367
1998,2368
114609,2369
4217,2370
8575,2371
4869,2372
5501,2373
79706,2374
55342,2375
10728,2376
6895,2377
6612,2378
6613,2379
26135,2380
7080,2381
81628,2382
4828,2383
1200,2384
4829,2385
2069,2386
2066,2387
375,2388
9185,2389
8853,2390
381,2391
4651,2392
810,2393
8399,2394
4218,2395
5868,2396
5861,2397
9950,2398
51552,2399
4321,2400
2191,2401
5217,2402
6835,2403
27286,2404
10233,2405
940,2406
9526,2407
79947,2408
10245,2409
2650,2410
8178,2411
29844,2412
85403,2413
79095,2414
80347,2415
9470,2416
149371,2417
9513,2418
51421,2419
9055,2420
58526,2421
4281,2422
5277,2423
5283,2424
8818,2425
84992,2426
5279,2427
5281,2428
54872,2429
84720,2430
10203,2431
27297,2432
10267,2433
10268,2434
10266,2435
796,2436
10026,2437
250,2438
51604,2439
8733,2440
93183,2441
54965,2442
5284,2443
973,2444
8907,2445
80895,2446
3611,2447
128869,2448
6876,2449
79735,2450
1891,2451
2634,2452
51003,2453
9842,2454
2744,2455
27165,2456
2822,2457
114822,2458
54763,2459
60528,2460
4701,2461
6015,2462
1523,2463
4973,2464
85415,2465
388,2466
10250,2467
5163,2468
5160,2469
1737,2470
5164,2471
5165,2472
8050,2473
23119,2474
79763,2475
10682,2476
84650,2477
5166,2478
84676,2479
8658,2480
80351,2481
248,2482
636,2483
29927,2484
27230,2485
55176,2486
338,2487
249,2488
9020,2489
5743,2490
4924,2491
5742,2492
5863,2493
5908,2494
26586,2495
54469,2496
5585,2497
7763,2498
9861,2499
60685,2500
1964,2501
9669,2502
1983,2503
9670,2504
9086,2505
25759,2506
55816,2507
4908,2508
4909,2509
57498,2510
10603,2511
25970,2512
8440,2513
4916,2514
3356,2515
84285,2516
4043,2517
5496,2518
7436,2519
3949,2520
6272,2521
6653,2522
57584,2523
201176,2524
23092,2525
29941,2526
10284,2527
6189,2528
5427,2529
25942,2530
10320,2531
7813,2532
26271,2533
1649,2534
10538,2535
1054,2536
51171,2537
1053,2538
8405,2539
57761,2540
468,2541
54541,2542
143684,2543
55922,2544
4790,2545
54812,2546
164,2547
8906,2548
8202,2549
93,2550
25928,2551
2022,2552
151449,2553
25884,2554
92,2555
168667,2556
10468,2557
64388,2558
656,2559
91851,2560
5654,2561
429,2562
4256,2563
26585,2564
8646,2565
148,2566
3909,2567
57045,2568
1290,2569
56252,2570
1289,2571
1810,2572
4783,2573
54107,2574
10589,2575
51132,2576
3975,2577
9355,2578
8022,2579
9124,2580
3670,2581
3984,2582
9079,2583
8861,2584
79169,2585
55145,2586
7014,2587
641,2588
54386,2589
26277,2590
826,2591
25913,2592
26272,2593
9231,2594
4683,2595
60626,2596
6299,2597
4830,2598
4831,2599
27283,2600
51103,2601
9182,2602
5066,2603
11228,2604
5710,2605
122786,2606
8797,2607
4131,2608
4193,2609
64112,2610
55201,2611
83593,2612
991,2613
11340,2614
6789,2615
170685,2616
53635,2617
9911,2618
9770,2619
3845,2620
22808,2621
6237,2622
83937,2623
81688,2624
56901,2625
339967,2626
7709,2627
1105,2628
6294,2629
8764,2630
10915,2631
1363,2632
56992,2633
54544,2634
8789,2635
1478,2636
7518,2637
22806,2638
4097,2639
10155,2640
2874,2641
6159,2642
10808,2643
7276,2644
10606,2645
10169,2646
10625,2647
8880,2648
10120,2649
5110,2650
4122,2651
3550,2652
7105,2653
9039,2654
6304,2655
5802,2656
28965,2657
80145,2658
10190,2659
128,2660
51548,2661
51593,2662
22827,2663
10989,2664
5553,2665
1108,2666
6097,2667
54464,2668
64375,2669
6597,2670
84181,2671
80205,2672
9970,2673
57680,2674
10487,2675
5271,2676
10486,2677
10666,2678
8875,2679
5962,2680
9267,2681
9266,2682
929,2683
2526,2684
11082,2685
10577,2686
6499,2687
5394,2688
114805,2689
9948,2690
54512,2691
7265,2692
95,2693
10425,2694
958,2695
9655,2696
3597,2697
3561,2698
3596,2699
3565,2700
168620,2701
200576,2702
10244,2703
123016,2704
5108,2705
51143,2706
79902,2707
5867,2708
114327,2709
56159,2710
777,2711
822,2712
23397,2713
51002,2714
112858,2715
23474,2716
51606,2717
9619,2718
64137,2719
57088,2720
9319,2721
57048,2722
56654,2723
51655,2724
6687,2725
9721,2726
25796,2727
65989,2728
7536,2729
11052,2730
473,2731
4967,2732
113878,2733
79050,2734
55707,2735
1407,2736
115817,2737
7355,2738
9618,2739
4184,2740
11135,2741
3216,2742
293,2743
9140,2744
54507,2745
92595,2746
1271,2747
10539,2748
23493,2749
51447,2750
27332,2751
10342,2752
59277,2753
54932,2754
414157,2755
129807,2756
25844,2757
64241,2758
64240,2759
4353,2760
1356,2761
11273,2762
8651,2763
7066,2764
551,2765
553,2766
554,2767
552,2768
84817,2769
5021,2770
1103,2771
4773,2772
5604,2773
10000,2774
5607,2775
5037,2776
23286,2777
11033,2778
1613,2779
94274,2780
9260,2781
111,2782
27173,2783
5074,2784
4155,2785
9637,2786
2888,2787
1460,2788
5442,2789
51106,2790
11079,2791
4359,2792
5376,2793
23028,2794
23186,2795
134266,2796
25780,2797
27347,2798
2207,2799
2205,2800
9437,2801
3805,2802
51206,2803
10950,2804
29883,2805
54971,2806
3219,2807
9463,2808
9337,2809
677,2810
5049,2811
4037,2812
11276,2813
55297,2814
55435,2815
4074,2816
8905,2817
377,2818
55815,2819
7257,2820
84529,2821
55723,2822
1380,2823
23613,2824
5592,2825
6048,2826
5311,2827
10456,2828
7168,2829
7220,2830
7137,2831
23241,2832
1674,2833
6000,2834
10052,2835
27134,2836
119,2837
6794,2838
5346,2839
29904,2840
6261,2841
54665,2842
55869,2843
5725,2844
2990,2845
7490,2846
3991,2847
7054,2848
6616,2849
3156,2850
4255,2851
490,2852
1365,2853
51199,2854
5569,2855
3925,2856
3151,2857
3150,2858
6236,2859
2890,2860
2893,2861
6514,2862
15,2863
4160,2864
1068,2865
3706,2866
3707,2867
84687,2868
5255,2869
1832,2870
2997,2871
47,2872
3709,2873
3708,2874
5778,2875
2115,2876
80331,2877
1390,2878
6854,2879
2569,2880
5906,2881
2812,2882
3936,2883
11075,2884
2764,2885
5140,2886
3184,2887
5132,2888
10636,2889
6001,2890
3757,2891
6476,2892
5142,2893
5144,2894
27232,2895
9421,2896
790,2897
5909,2898
5127,2899
10661,2900
3768,2901
9221,2902
7064,2903
7166,2904
5801,2905
5208,2906
10672,2907
10369,2908
5698,2909
10499,2910
5699,2911
5567,2912
5570,2913
5695,2914
51371,2915
5694,2916
5693,2917
5691,2918
5689,2919
2091,2920
6890,2921
6891,2922
5683,2923
5684,2924
5682,2925
340273,2926
5690,2927
167227,2928
5055,2929
118460,2930
2645,2931
5563,2932
5562,2933
55716,2934
7356,2935
3933,2936
81932,2937
6888,2938
84316,2939
6997,2940
130399,2941
283,2942
4153,2943
4085,2944
10747,2945
5648,2946
3848,2947
799,2948
51305,2949
27030,2950
4438,2951
9877,2952
5395,2953
9156,2954
8930,2955
5378,2956
3777,2957
1315,2958
6281,2959
55187,2960
8567,2961
112939,2962
8841,2963
5290,2964
10016,2965
29760,2966
9414,2967
6878,2968
829,2969
84707,2970
4975,2971
1429,2972
1409,2973
23279,2974
51013,2975
1112,2976
7373,2977
8825,2978
64130,2979
1173,2980
260425,2981
817,2982
9179,2983
55450,2984
9630,2985
3579,2986
1129,2987
1230,2988
3577,2989
6752,2990
4987,2991
116444,2992
5998,2993
5775,2994
2768,2995
1013,2996
9826,2997
53637,2998
8698,2999
8775,3000
6915,3001
23365,3002
2782,3003
5922,3004
5536,3005
1816,3006
2840,3007
4168,3008
1910,3009
9138,3010
1903,3011
9294,3012
2767,3013
3357,3014
5739,3015
7222,3016
147,3017
1909,3018
3563,3019
3562,3020
5982,3021
84281,3022
79666,3023
4647,3024
2923,3025
6892,3026
5696,3027
63922,3028
3976,3029
1270,3030
133396,3031
9180,3032
2065,3033
1489,3034
3569,3035
25977,3036
8715,3037
10302,3038
1627,3039
6829,3040
5216,3041
25836,3042
90850,3043
5803,3044
1743,3045
1738,3046
6710,3047
6708,3048
79577,3049
309,3050
2638,3051
6406,3052
7051,3053
5104,3054
23291,3055
9024,3056
84446,3057
83461,3058
1618,3059
23369,3060
26528,3061
1617,3062
57135,3063
57054,3064
9666,3065
22873,3066
66037,3067
28992,3068
401024,3069
161835,3070
3759,3071
2560,3072
2562,3073
11184,3074
63898,3075
84461,3076
276,3077
152015,3078
83853,3079
53340,3080
894,3081
10460,3082
5519,3083
5523,3084
1192,3085
55165,3086
23048,3087
3784,3088
10006,3089
26999,3090
55740,3091
4703,3092
10163,3093
54869,3094
6655,3095
29085,3096
84988,3097
29947,3098
27247,3099
7957,3100
7290,3101
23076,3102
4857,3103
6601,3104
5093,3105
83547,3106
1121,3107
5876,3108
3313,3109
7096,3110
4547,3111
29070,3112
283212,3113
11103,3114
54972,3115
23089,3116
6478,3117
5016,3118
10156,3119
6779,3120
2538,3121
1070,3122
5147,3123
9814,3124
56477,3125
2826,3126
1232,3127
27445,3128
26059,3129
338917,3130
1236,3131
10563,3132
6364,3133
1235,3134
6368,3135
6367,3136
1233,3137
6363,3138
6370,3139
10803,3140
6369,3141
10850,3142
10344,3143
157773,3144
9540,3145
65991,3146
9400,3147
10919,3148
9672,3149
23316,3150
55290,3151
5934,3152
6621,3153
2972,3154
10621,3155
9330,3156
9328,3157
9329,3158
4775,3159
3148,3160
2077,3161
8120,3162
8546,3163
1131,3164
7133,3165
6571,3166
6845,3167
64215,3168
3700,3169
27000,3170
51182,3171
3337,3172
50507,3173
4803,3174
4922,3175
9527,3176
4905,3177
8615,3178
55333,3179
85021,3180
5899,3181
10522,3182
26173,3183
2889,3184
10235,3185
54922,3186
115727,3187
266747,3188
9771,3189
9693,3190
54518,3191
11124,3192
22821,3193
4544,3194
1314,3195
55737,3196
5297,3197
59345,3198
10949,3199
81618,3200
9248,3201
10130,3202
2773,3203
55616,3204
404093,3205
51808,3206
9939,3207
1406,3208
8092,3209
4116,3210
474,3211
131450,3212
4345,3213
8994,3214
10114,3215
11102,3216
4204,3217
8504,3218
9784,3219
10053,3220
255738,3221
5196,3222
2224,3223
2260,3224
11055,3225
7783,3226
7258,3227
1917,3228
3559,3229
3560,3230
3558,3231
8662,3232
3600,3233
3601,3234
9363,3235
3575,3236
3581,3237
3574,3238
5795,3239
91319,3240
5265,3241
57030,3242
6568,3243
79582,3244
9576,3245
644890,3246
3543,3247
55755,3248
28986,3249
9882,3250
59343,3251
57519,3252
20,3253
27148,3254
8851,3255
80279,3256
58477,3257
51654,3258
51010,3259
8048,3260
23085,3261
8500,3262
22999,3263
8497,3264
8499,3265
8541,3266
8927,3267
92421,3268
54862,3269
26133,3270
10017,3271
2081,3272
3738,3273
4170,3274
7416,3275
291,3276
8996,3277
599,3278
11040,3279
415116,3280
5292,3281
6196,3282
9252,3283
1513,3284
5275,3285
6678,3286
6317,3287
57549,3288
5129,3289
10484,3290
23097,3291
22955,3292
6095,3293
79365,3294
7026,3295
10518,3296
11331,3297
4342,3298
3400,3299
56676,3300
23203,3301
9512,3302
10766,3303
51755,3304
8621,3305
8558,3306
5128,3307
23424,3308
5218,3309
219771,3310
4756,3311
9423,3312
4917,3313
5306,3314
525,3315
9722,3316
8224,3317
138429,3318
8395,3319
5267,3320
1476,3321
1471,3322
8419,3323
631,3324
10893,3325
8514,3326
29986,3327
3737,3328
10952,3329
84100,3330
23471,3331
11231,3332
57405,3333
80344,3334
1642,3335
10481,3336
23617,3337
7706,3338
54622,3339
9737,3340
27289,3341
23654,3342
5361,3343
91544,3344
8153,3345
4223,3346
390,3347
2332,3348
6282,3349
4192,3350
8493,3351
10891,3352
4602,3353
115509,3354
3001,3355
7150,3356
6741,3357
56998,3358
2010,3359
79656,3360
6934,3361
200186,3362
5534,3363
6647,3364
2566,3365
10231,3366
23770,3367
23523,3368
2280,3369
51778,3370
91977,3371
2561,3372
2554,3373
5532,3374
6546,3375
6547,3376
6543,3377
5533,3378
6648,3379
55777,3380
10020,3381
4689,3382
8972,3383
2548,3384
114088,3385
4607,3386
10489,3387
4650,3388
79369,3389
10678,3390
29071,3391
252995,3392
5805,3393
83715,3394
1527,3395
5130,3396
23002,3397
3123,3398
3122,3399
1485,3400
3108,3401
3126,3402
3127,3403
2920,3404
339965,3405
9873,3406
56904,3407
26086,3408
7286,3409
24144,3410
90019,3411
10492,3412
7442,3413
57689,3414
22854,3415
23788,3416
4982,3417
8190,3418
259,3419
90070,3420
2162,3421
116844,3422
9507,3423
6387,3424
6863,3425
4907,3426
5549,3427
5068,3428
1311,3429
164656,3430
3082,3431
11226,3432
4018,3433
6383,3434
712,3435
4099,3436
1292,3437
23390,3438
6284,3439
784,3440
773,3441
9899,3442
10062,3443
2246,3444
3661,3445
85439,3446
65125,3447
26249,3448
2054,3449
6809,3450
7021,3451
6810,3452
6449,3453
2209,3454
6404,3455
6521,3456
118788,3457
5296,3458
7846,3459
3059,3460
933,3461
5450,3462
930,3463
6010,3464
6295,3465
6011,3466
2870,3467
2792,3468
5741,3469
2796,3470
2641,3471
885,3472
5443,3473
6343,3474
183,3475
5697,3476
4852,3477
2520,3478
55617,3479
2957,3480
8939,3481
7965,3482
51107,3483
83464,3484
55851,3485
10972,3486
29970,3487
4771,3488
9413,3489
9531,3490
8685,3491
92304,3492
117156,3493
8819,3494
4084,3495
29115,3496
5947,3497
84312,3498
3621,3499
5931,3500
25855,3501
7036,3502
7037,3503
10763,3504
116840,3505
54840,3506
1130,3507
100506164,3508
285,3509
51378,3510
5020,3511
5550,3512
64776,3513
50617,3514
5213,3515
23545,3516
65993,3517
2978,3518
3000,3519
2979,3520
2986,3521
10240,3522
2177,3523
7520,3524
11277,3525
64421,3526
8243,3527
9656,3528
5830,3529
5932,3530
6009,3531
9521,3532
55627,3533
4436,3534
23498,3535
2571,3536
6610,3537
83990,3538
84444,3539
8028,3540
50512,3541
51752,3542
2023,3543
23287,3544
3297,3545
6483,3546
10073,3547
59307,3548
27190,3549
11065,3550
3098,3551
57827,3552
2029,3553
4134,3554
374291,3555
2027,3556
25953,3557
57551,3558
4139,3559
9344,3560
51347,3561
3996,3562
65057,3563
8310,3564
51,3565
6342,3566
116085,3567
55867,3568
859,3569
1675,3570
5345,3571
84064,3572
84033,3573
4620,3574
286,3575
287,3576
7273,3577
1234,3578
9821,3579
4738,3580
1630,3581
3778,3582
64780,3583
23162,3584
1464,3585
8835,3586
7145,3587
5794,3588
23637,3589
10498,3590
32,3591
31,3592
5564,3593
5571,3594
3952,3595
51719,3596
5565,3597
53632,3598
2898,3599
23421,3600
57062,3601
9112,3602
90427,3603
1603,3604
9514,3605
410,3606
5204,3607
10471,3608
79869,3609
10521,3610
9189,3611
30837,3612
9667,3613
56243,3614
7597,3615
6133,3616
57556,3617
4953,3618
4947,3619
4946,3620
8807,3621
3606,3622
962,3623
55054,3624
9474,3625
399,3626
6484,3627
2237,3628
86,3629
10083,3630
64072,3631
83878,3632
257629,3633
124590,3634
4148,3635
8785,3636
9456,3637
6491,3638
1066,3639
1879,3640
5079,3641
2867,3642
7350,3643
1149,3644
7351,3645
3040,3646
51327,3647
3046,3648
1368,3649
3043,3650
9188,3651
6814,3652
6813,3653
8431,3654
6636,3655
6637,3656
6635,3657
2117,3658
6634,3659
6633,3660
6632,3661
25929,3662
55661,3663
3620,3664
7167,3665
7419,3666
25930,3667
617,3668
54903,3669
56674,3670
1787,3671
5551,3672
51454,3673
7644,3674
1635,3675
79959,3676
135250,3677
51465,3678
329,3679
60681,3680
117177,3681
51762,3682
5866,3683
6757,3684
9545,3685
5864,3686
4157,3687
2255,3688
3125,3689
4158,3690
4161,3691
157574,3692
6500,3693
115290,3694
201456,3695
10630,3696
10040,3697
5961,3698
24,3699
285596,3700
8985,3701
23433,3702
64398,3703
9240,3704
117583,3705
23236,3706
1894,3707
2011,3708
92359,3709
7941,3710
54206,3711
1950,3712
7039,3713
4585,3714
5287,3715
5286,3716
83442,3717
685,3718
5999,3719
3084,3720
9542,3721
84256,3722
10193,3723
5036,3724
186,3725
79801,3726
1436,3727
4058,3728
4311,3729
238,3730
602,3731
6868,3732
1839,3733
10718,3734
145957,3735
2357,3736
2358,3737
820,3738
8404,3739
5621,3740
284114,3741
23013,3742
3516,3743
9246,3744
6662,3745
9219,3746
53615,3747
1749,3748
4488,3749
2281,3750
6263,3751
2288,3752
11146,3753
30968,3754
54751,3755
10979,3756
2317,3757
1678,3758
8027,3759
26517,3760
4599,3761
204851,3762
8626,3763
1786,3764
8837,3765
55929,3766
2104,3767
3315,3768
5077,3769
546,3770
11315,3771
8697,3772
701,3773
51529,3774
51434,3775
6643,3776
84105,3777
573,3778
57610,3779
80176,3780
1268,3781
200958,3782
5787,3783
79026,3784
6285,3785
4130,3786
56001,3787
10411,3788
11069,3789
27185,3790
26019,3791
84557,3792
2570,3793
8125,3794
7307,3795
8139,3796
5048,3797
132954,3798
219699,3799
1612,3800
8633,3801
90249,3802
9083,3803
442868,3804
3235,3805
3217,3806
3195,3807
63876,3808
8490,3809
5997,3810
2914,3811
2912,3812
5330,3813
3358,3814
55188,3815
7433,3816
3362,3817
2864,3818
6003,3819
623,3820
64407,3821
1394,3822
134,3823
5729,3824
23161,3825
2642,3826
108,3827
23389,3828
9969,3829
55037,3830
9519,3831
10581,3832
2781,3833
8601,3834
10287,3835
4985,3836
6596,3837
3268,3838
58513,3839
3267,3840
54476,3841
5977,3842
5971,3843
8193,3844
6184,3845
6142,3846
10188,3847
25873,3848
7786,3849
4023,3850
2125,3851
794,3852
3852,3853
3623,3854
83729,3855
84260,3856
3861,3857
239,3858
242,3859
3857,3860
705,3861
5317,3862
9191,3863
6217,3864
11311,3865
57617,3866
55823,3867
27072,3868
84376,3869
8943,3870
51361,3871
55973,3872
23042,3873
7317,3874
1208,3875
5408,3876
5406,3877
8513,3878
2036,3879
4926,3880
116986,3881
79612,3882
6154,3883
8260,3884
84779,3885
22995,3886
51562,3887
26047,3888
23705,3889
2037,3890
2286,3891
55902,3892
5976,3893
4583,3894
23207,3895
26205,3896
266812,3897
25853,3898
7473,3899
8321,3900
7472,3901
89780,3902
6422,3903
8326,3904
7471,3905
64840,3906
4040,3907
6259,3908
8325,3909
6423,3910
164312,3911
189,3912
9627,3913
11035,3914
148022,3915
54361,3916
8323,3917
7247,3918
5502,3919
5455,3920
11127,3921
84078,3922
6135,3923
7841,3924
1114,3925
54101,3926
8434,3927
387755,3928
29899,3929
79641,3930
6642,3931
5792,3932
8723,3933
197,3934
8503,3935
342574,3936
5167,3937
9306,3938
58533,3939
2167,3940
3645,3941
54550,3942
51616,3943
2672,3944
3836,3945
22834,3946
57731,3947
5799,3948
5798,3949
6712,3950
10497,3951
10121,3952
1639,3953
51621,3954
871,3955
11278,3956
8462,3957
83855,3958
10370,3959
163732,3960
834,3961
7022,3962
8089,3963
2632,3964
5226,3965
79075,3966
4437,3967
2073,3968
2956,3969
5426,3970
5423,3971
11196,3972
7515,3973
27434,3974
27343,3975
5429,3976
5424,3977
30836,3978
26073,3979
1791,3980
10923,3981
995,3982
4616,3983
10912,3984
328,3985
10714,3986
5425,3987
27301,3988
57804,3989
1647,3990
3978,3991
5985,3992
5983,3993
7374,3994
253980,3995
5757,3996
54921,3997
10514,3998
10036,3999
10309,4000
51043,4001
4440,4002
57092,4003
10844,4004
7404,4005
7089,4006
2287,4007
8521,4008
55662,4009
6773,4010
5245,4011
55806,4012
64426,4013
22907,4014
5926,4015
10856,4016
7155,4017
9184,4018
29843,4019
9734,4020
126272,4021
3090,4022
9643,4023
7164,4024
11176,4025
57649,4026
5308,4027
4100,4028
5195,4029
8379,4030
9425,4031
23309,4032
1789,4033
1788,4034
8204,4035
64772,4036
7784,4037
3816,4038
6119,4039
92797,4040
8991,4041
11144,4042
55147,4043
5965,4044
5893,4045
57379,4046
10438,4047
57017,4048
57719,4049
51412,4050
4726,4051
4535,4052
409,4053
716,4054
715,4055
710,4056
713,4057
51004,4058
23567,4059
3608,4060
54764,4061
9406,4062
3050,4063
3039,4064
25978,4065
1063,4066
26227,4067
84661,4068
3266,4069
5293,4070
91653,4071
50937,4072
6239,4073
22974,4074
3161,4075
84067,4076
53916,4077
29907,4078
57403,4079
51534,4080
64284,4081
5878,4082
11266,4083
9699,4084
81876,4085
57553,4086
1911,4087
1912,4088
648,4089
51460,4090
6045,4091
55108,4092
55885,4093
10939,4094
54968,4095
3178,4096
8148,4097
943,4098
944,4099
7188,4100
53944,4101
387522,4102
9025,4103
7325,4104
23404,4105
9616,4106
23659,4107
8453,4108
6047,4109
7227,4110
2928,4111
23598,4112
6942,4113
7323,4114
8777,4115
7703,4116
84108,4117
5243,4118
7024,4119
23429,4120
8535,4121
114897,4122
54892,4123
54976,4124
138046,4125
5257,4126
1211,4127
9026,4128
10043,4129
51429,4130
1212,4131
55681,4132
80007,4133
2580,4134
51566,4135
4294,4136
10084,4137
152007,4138
55768,4139
2312,4140
5046,4141
51068,4142
5118,4143
1281,4144
7035,4145
9852,4146
79607,4147
4009,4148
4010,4149
3840,4150
93973,4151
55327,4152
23189,4153
10096,4154
10810,4155
10109,4156
10092,4157
10097,4158
70,4159
10095,4160
11325,4161
7076,4162
9788,4163
501,4164
7156,4165
9401,4166
2798,4167
92170,4168
29888,4169
3061,4170
1269,4171
116113,4172
93986,4173
27086,4174
84271,4175
55644,4176
8460,4177
2815,4178
2814,4179
2160,4180
6403,4181
89,4182
135,4183
84665,4184
29851,4185
23308,4186
3087,4187
2627,4188
2624,4189
9499,4190
7791,4191
10529,4192
5834,4193
8941,4194
9282,4195
26136,4196
10611,4197
117178,4198
4026,4199
1465,4200
2395,4201
23022,4202
58529,4203
6311,4204
10716,4205
96764,4206
56899,4207
11021,4208
5789,4209
5797,4210
23294,4211
3425,4212
4356,4213
5498,4214
2720,4215
5476,4216
4758,4217
10978,4218
11051,4219
51692,4220
2797,4221
114814,4222
25803,4223
23131,4224
391104,4225
102,4226
152503,4227
2042,4228
1943,4229
1942,4230
28514,4231
4185,4232
7525,4233
4867,4234
344558,4235
57630,4236
257364,4237
10459,4238
8600,4239
7078,4240
7124,4241
8728,4242
9040,4243
63893,4244
9589,4245
28952,4246
57605,4247
27132,4248
9362,4249
10940,4250
114548,4251
152138,4252
4210,4253
91662,4254
58484,4255
22861,4256
4897,4257
1272,4258
64151,4259
8467,4260
10951,4261
51187,4262
6638,4263
81565,4264
10421,4265
26058,4266
134353,4267
10285,4268
79833,4269
79760,4270
79084,4271
6631,4272
23658,4273
6867,4274
115265,4275
81858,4276
25804,4277
57819,4278
3200,4279
388531,4280
8787,4281
84287,4282
51422,4283
3783,4284
5367,4285
57333,4286
9159,4287
7812,4288
26986,4289
7352,4290
268,4291
5972,4292
64689,4293
55679,4294
3985,4295
9110,4296
9878,4297
2318,4298
8717,4299
51701,4300
55294,4301
94241,4302
861,4303
6672,4304
56940,4305
5609,4306
6416,4307
54935,4308
6132,4309
9774,4310
78986,4311
3299,4312
4064,4313
9450,4314
1463,4315
4684,4316
8774,4317
9482,4318
26056,4319
8773,4320
8673,4321
8417,4322
23673,4323
9570,4324
662,4325
10138,4326
4613,4327
2553,4328
23367,4329
54555,4330
3703,4331
7727,4332
7572,4333
7568,4334
5728,4335
22983,4336
23139,4337
23031,4338
5360,4339
335,4340
336,4341
56648,4342
1725,4343
4799,4344
1993,4345
1994,4346
30000,4347
51247,4348
10541,4349
1995,4350
4929,4351
9134,4352
1018,4353
7345,4354
10762,4355
8451,4356
245711,4357
3841,4358
3839,4359
8402,4360
255488,4361
56647,4362
23093,4363
7083,4364
9133,4365
79885,4366
25792,4367
151636,4368
9867,4369
64219,4370
4850,4371
56658,4372
55658,4373
26040,4374
64092,4375
1906,4376
1908,4377
51742,4378
319,4379
347,4380
4741,4381
213,4382
4137,4383
949,4384
3990,4385
9601,4386
5479,4387
55937,4388
350,4389
8411,4390
10488,4391
306,4392
5967,4393
29953,4394
152137,4395
22887,4396
9439,4397
114908,4398
22976,4399
26471,4400
5076,4401
83637,4402
6297,4403
57532,4404
26747,4405
9581,4406
57010,4407
778,4408
51475,4409
9478,4410
3710,4411
114907,4412
254170,4413
23246,4414
23481,4415
81545,4416
8609,4417
1718,4418
23059,4419
51550,4420
3094,4421
669,4422
112401,4423
22809,4424
55664,4425
7182,4426
29110,4427
9641,4428
10963,4429
211,4430
212,4431
8803,4432
6280,4433
6279,4434
22984,4435
64837,4436
5478,4437
11153,4438
146,4439
6445,4440
6444,4441
3751,4442
825,4443
90102,4444
339855,4445
9232,4446
754,4447
6204,4448
3301,4449
6278,4450
2171,4451
54014,4452
177,4453
5236,4454
6286,4455
6275,4456
27101,4457
5837,4458
6273,4459
7169,4460
79836,4461
117145,4462
10732,4463
3720,4464
4055,4465
2935,4466
56616,4467
25793,4468
2619,4469
130013,4470
6812,4471
22883,4472
9746,4473
1300,4474
5034,4475
308,4476
79710,4477
54957,4478
24148,4479
694,4480
51191,4481
6872,4482
147011,4483
126823,4484
91768,4485
196528,4486
388324,4487
1780,4488
6993,4489
137492,4490
2170,4491
25842,4492
113263,4493
6990,4494
220134,4495
348235,4496
10743,4497
10742,4498
54557,4499
23405,4500
79098,4501
1291,4502
5480,4503
84630,4504
1446,4505
1876,4506
80314,4507
2145,4508
7029,4509
7027,4510
1820,4511
4692,4512
9792,4513
4331,4514
1022,4515
57169,4516
64746,4517
2804,4518
23368,4519
1938,4520
54822,4521
7867,4522
6017,4523
5959,4524
9126,4525
10540,4526
57096,4527
1468,4528
2053,4529
25934,4530
29920,4531
23152,4532
2790,4533
2783,4534
2791,4535
55970,4536
51764,4537
2784,4538
9816,4539
4001,4540
65110,4541
8519,4542
6569,4543
6770,4544
11104,4545
51440,4546
1831,4547
1676,4548
1677,4549
27141,4550
9871,4551
10483,4552
5980,4553
51455,4554
10802,4555
9632,4556
10427,4557
846,4558
28977,4559
3652,4560
57658,4561
3083,4562
10653,4563
6692,4564
65080,4565
79843,4566
23513,4567
7171,4568
6651,4569
23225,4570
4956,4571
9883,4572
358,4573
9170,4574
9325,4575
10973,4576
4201,4577
22986,4578
4316,4579
58157,4580
482,4581
51058,4582
55738,4583
10959,4584
10945,4585
3912,4586
127002,4587
538,4588
51248,4589
475,4590
540,4591
51164,4592
22818,4593
26958,4594
54737,4595
51226,4596
372,4597
8607,4598
1736,4599
4752,4600
4750,4601
8727,4602
1447,4603
8233,4604
6100,4605
10946,4606
222389,4607
6733,4608
1656,4609
284086,4610
10200,4611
5073,4612
8666,4613
6224,4614
93663,4615
80230,4616
55680,4617
1984,4618
23767,4619
8030,4620
5531,4621
79741,4622
9391,4623
90525,4624
116,4625
64399,4626
5251,4627
8074,4628
79659,4629
51626,4630
5593,4631
5454,4632
6884,4633
6882,4634
6881,4635
2958,4636
23066,4637
29777,4638
2295,4639
284403,4640
4666,4641
6883,4642
6689,4643
6618,4644
6617,4645
9044,4646
9013,4647
9014,4648
9015,4649
54457,4650
2963,4651
5701,4652
138474,4653
196,4654
30827,4655
9697,4656
6877,4657
5452,4658
5927,4659
64324,4660
84838,4661
23386,4662
8987,4663
3225,4664
3207,4665
3204,4666
55095,4667
4060,4668
176,4669
80762,4670
79589,4671
959,4672
64343,4673
1540,4674
23586,4675
84231,4676
10293,4677
84905,4678
90594,4679
5912,4680
7432,4681
8976,4682
4242,4683
154043,4684
4854,4685
23509,4686
54567,4687
256281,4688
9183,4689
11130,4690
55055,4691
29062,4692
10490,4693
3792,4694
7504,4695
1907,4696
51279,4697
9332,4698
2537,4699
9341,4700
10814,4701
23256,4702
9554,4703
10282,4704
134957,4705
29091,4706
167838,4707
200081,4708
8674,4709
252983,4710
954,4711
10228,4712
64601,4713
5780,4714
79096,4715
55741,4716
7417,4717
1370,4718
1369,4719
727,4720
23166,4721
66005,4722
65979,4723
3929,4724
9211,4725
53616,4726
1889,4727
9022,4728
1819,4729
51389,4730
4733,4731
4066,4732
116154,4733
845,4734
10345,4735
27063,4736
3832,4737
10403,4738
54998,4739
83540,4740
994,4741
9793,4742
3619,4743
55139,4744
332,4745
1058,4746
10607,4747
55143,4748
6795,4749
63971,4750
23396,4751
79156,4752
116225,4753
7135,4754
7136,4755
7134,4756
84572,4757
10602,4758
7372,4759
10435,4760
79109,4761
23580,4762
11180,4763
124857,4764
2660,4765
90410,4766
22954,4767
55048,4768
8667,4769
84062,4770
25890,4771
5009,4772
6548,4773
4820,4774
26207,4775
80223,4776
2665,4777
9371,4778
3881,4779
59067,4780
50615,4781
116379,4782
58985,4783
64806,4784
55540,4785
11009,4786
53832,4787
246778,4788
9466,4789
7851,4790
2319,4791
8291,4792
57158,4793
2621,4794
84643,4795
3594,4796
3595,4797
6775,4798
149233,4799
51561,4800
3593,4801
537,4802
10159,4803
55322,4804
6833,4805
79047,4806
23633,4807
5469,4808
79184,4809
5440,4810
7392,4811
9111,4812
84168,4813
8315,4814
1477,4815
8314,4816
2178,4817
79728,4818
1378,4819
722,4820
717,4821
4673,4822
79187,4823
11332,4824
10741,4825
79693,4826
3987,4827
107,4828
109,4829
161003,4830
26060,4831
55198,4832
6398,4833
5929,4834
3835,4835
51528,4836
414301,4837
11047,4838
8935,4839
84106,4840
10038,4841
200558,4842
79661,4843
3980,4844
4968,4845
7517,4846
5889,4847
5289,4848
79840,4849
3981,4850
4817,4851
3221,4852
2648,4853
5223,4854
79690,4855
116985,4856
5447,4857
5826,4858
113130,4859
10994,4860
80155,4861
55761,4862
23149,4863
80117,4864
9943,4865
10746,4866
51177,4867
57099,4868
9136,4869
23229,4870
8814,4871
54602,4872
80349,4873
55003,4874
11137,4875
51433,4876
51207,4877
3633,4878
50862,4879
135932,4880
7805,4881
60682,4882
166336,4883
9993,4884
8175,4885
144165,4886
28512,4887
23534,4888
2041,4889
3394,4890
7980,4891
54331,4892
11227,4893
2132,4894
27295,4895
3237,4896
3214,4897
3229,4898
3238,4899
30012,4900
5869,4901
9744,4902
26502,4903
23708,4904
2107,4905
55103,4906
9649,4907
7112,4908
8187,4909
26092,4910
201294,4911
23345,4912
64949,4913
3811,4914
3812,4915
84823,4916
3598,4917
26146,4918
3930,4919
5630,4920
54472,4921
84528,4922
3554,4923
29126,4924
5133,4925
56945,4926
5528,4927
80823,4928
26354,4929
7439,4930
5526,4931
8870,4932
5527,4933
51451,4934
5516,4935
122042,4936
3640,4937
6013,4938
55811,4939
6755,4940
2652,4941
5903,4942
54212,4943
7881,4944
3736,4945
23704,4946
2971,4947
9230,4948
2314,4949
22882,4950
23051,4951
8644,4952
55339,4953
3417,4954
23435,4955
3336,4956
57050,4957
26254,4958
8711,4959
5320,4960
22925,4961
5319,4962
51094,4963
208,4964
2492,4965
114571,4966
79849,4967
2862,4968
2692,4969
4295,4970
51738,4971
54938,4972
8087,4973
81888,4974
23164,4975
54776,4976
4659,4977
25917,4978
26973,4979
4302,4980
6039,4981
7405,4982
26276,4983
4298,4984
8289,4985
27125,4986
57332,4987
4300,4988
11316,4989
400,4990
10158,4991
6550,4992
6583,4993
6584,4994
6579,4995
6565,4996
65010,4997
1244,4998
9326,4999
10467,5000
5600,5001
130497,5002
23560,5003
9567,5004
84705,5005
57097,5006
9129,5007
50717,5008
84901,5009
56142,5010
5649,5011
56144,5012
1973,5013
1982,5014
1981,5015
10605,5016
607,5017
26108,5018
90780,5019
51564,5020
65266,5021
3662,5022
255877,5023
23683,5024
55728,5025
9367,5026
149428,5027
79370,5028
9088,5029
83985,5030
664,5031
63970,5032
1374,5033
8678,5034
9397,5035
7009,5036
663,5037
9530,5038
665,5039
57448,5040
7248,5041
259266,5042
10726,5043
5687,5044
5688,5045
5685,5046
5686,5047
4661,5048
9493,5049
9600,5050
1263,5051
7443,5052
10769,5053
23281,5054
57622,5055
4821,5056
10215,5057
25937,5058
6909,5059
23125,5060
6910,5061
49,5062
57829,5063
639,5064
4534,5065
54545,5066
10346,5067
8638,5068
881,5069
1455,5070
1456,5071
23623,5072
1992,5073
1520,5074
6318,5075
5269,5076
84759,5077
1524,5078
6376,5079
8284,5080
8669,5081
51547,5082
64582,5083
1748,5084
331,5085
4920,5086
10916,5087
5422,5088
56655,5089
5432,5090
9131,5091
23589,5092
55250,5093
6092,5094
6091,5095
6586,5096
9353,5097
1145,5098
23336,5099
81493,5100
81786,5101
54538,5102
55209,5103
1857,5104
55211,5105
57326,5106
359787,5107
284307,5108
23641,5109
23588,5110
5738,5111
2731,5112
2529,5113
4615,5114
51747,5115
54514,5116
55124,5117
7098,5118
353376,5119
55252,5120
374659,5121
253461,5122
5930,5123
7100,5124
54106,5125
170506,5126
4832,5127
10573,5128
2752,5129
4716,5130
5445,5131
63973,5132
10009,5133
51284,5134
5885,5135
27127,5136
4729,5137
3431,5138
2202,5139
2882,5140
5552,5141
80128,5142
9217,5143
10857,5144
55161,5145
10890,5146
8813,5147
1267,5148
55379,5149
51168,5150
90933,5151
25888,5152
5189,5153
4700,5154
55324,5155
6134,5156
51135,5157
5828,5158
5192,5159
23410,5160
8528,5161
5191,5162
5194,5163
5193,5164
5264,5165
55670,5166
3713,5167
6707,5168
1636,5169
1312,5170
23190,5171
7111,5172
728,5173
64805,5174
1128,5175
4988,5176
10076,5177
6002,5178
1901,5179
1902,5180
3350,5181
4935,5182
6801,5183
2825,5184
6753,5185
10010,5186
3663,5187
80143,5188
57506,5189
8801,5190
3804,5191
100132285,5192
3802,5193
3806,5194
3803,5195
3809,5196
10288,5197
66008,5198
334,5199
4103,5200
5201,5201
5202,5202
1667,5203
30815,5204
5203,5205
7411,5206
3744,5207
4524,5208
3824,5209
4317,5210
56952,5211
3798,5212
54221,5213
8495,5214
8292,5215
145270,5216
5545,5217
122011,5218
5081,5219
8479,5220
9610,5221
79890,5222
54453,5223
9615,5224
9049,5225
56993,5226
6207,5227
27250,5228
10845,5229
8192,5230
6205,5231
3906,5232
2683,5233
6209,5234
6223,5235
91582,5236
6222,5237
55813,5238
5307,5239
54033,5240
1366,5241
79094,5242
55698,5243
114823,5244
8795,5245
10475,5246
8738,5247
1326,5248
26524,5249
6788,5250
9113,5251
10392,5252
64127,5253
84674,5254
114769,5255
8915,5256
5082,5257
6950,5258
22948,5259
6698,5260
80725,5261
4059,5262
9900,5263
84280,5264
1381,5265
1382,5266
5745,5267
5420,5268
28232,5269
136,5270
491,5271
6901,5272
5028,5273
3758,5274
23678,5275
83874,5276
7223,5277
7224,5278
9498,5279
1260,5280
1811,5281
4986,5282
10078,5283
84330,5284
57862,5285
58528,5286
51363,5287
55035,5288
10325,5289
10670,5290
64121,5291
5458,5292
2678,5293
963,5294
57192,5295
79939,5296
79571,5297
84680,5298
9448,5299
2049,5300
10146,5301
9220,5302
29967,5303
57554,5304
11155,5305
11122,5306
26278,5307
9712,5308
10612,5309
1240,5310
8459,5311
51754,5312
57147,5313
5793,5314
2589,5315
5589,5316
23193,5317
5790,5318
10507,5319
9690,5320
5708,5321
5800,5322
399979,5323
8496,5324
5796,5325
4839,5326
84457,5327
5152,5328
55081,5329
26130,5330
65078,5331
84816,5332
84894,5333
3316,5334
55024,5335
8448,5336
8447,5337
22797,5338
7942,5339
4286,5340
5627,5341
7056,5342
462,5343
2153,5344
729,5345
8574,5346
3053,5347
8858,5348
1361,5349
9002,5350
2151,5351
2150,5352
261734,5353
2801,5354
22885,5355
22853,5356
5504,5357
79101,5358
9324,5359
3660,5360
8986,5361
2954,5362
2937,5363
94122,5364
1122,5365
7110,5366
23299,5367
2800,5368
2803,5369
10112,5370
57113,5371
94,5372
7043,5373
9419,5374
3437,5375
3433,5376
3434,5377
9343,5378
9636,5379
7318,5380
11274,5381
64422,5382
10533,5383
267012,5384
1610,5385
92086,5386
5862,5387
5873,5388
26225,5389
25776,5390
2868,5391
2740,5392
55503,5393
5746,5394
3781,5395
1264,5396
5260,5397
2913,5398
29966,5399
2241,5400
4057,5401
9340,5402
117,5403
5136,5404
4900,5405
5121,5406
2629,5407
9620,5408
23764,5409
3872,5410
3855,5411
3853,5412
3868,5413
22884,5414
3860,5415
2563,5416
9775,5417
22794,5418
10049,5419
29922,5420
2254,5421
2264,5422
10137,5423
53826,5424
2079,5425
10301,5426
1031,5427
6362,5428
2948,5429
403,5430
55502,5431
84224,5432
116461,5433
7091,5434
5013,5435
5015,5436
2252,5437
8829,5438
9650,5439
10406,5440
8913,5441
28227,5442
5681,5443
10673,5444
8741,5445
608,5446
23495,5447
115650,5448
23601,5449
10900,5450
10197,5451
10,5452
9,5453
23017,5454
84639,5455
55160,5456
27330,5457
90480,5458
27022,5459
5460,5460
51031,5461
53343,5462
3746,5463
170850,5464
169522,5465
1329,5466
158358,5467
4793,5468
55859,5469
10782,5470
6624,5471
79637,5472
54826,5473
10898,5474
81608,5475
56996,5476
53981,5477
29894,5478
6879,5479
4751,5480
4841,5481
6945,5482
10449,5483
7701,5484
6169,5485
55665,5486
11235,5487
8425,5488
4054,5489
874,5490
10066,5491
7360,5492
8910,5493
27436,5494
6511,5495
25820,5496
831,5497
169792,5498
51222,5499
2736,5500
2735,5501
55663,5502
10297,5503
22924,5504
5321,5505
8569,5506
5322,5507
8550,5508
152189,5509
114785,5510
85509,5511
54815,5512
25988,5513
123920,5514
79083,5515
5874,5516
4644,5517
1301,5518
23555,5519
3813,5520
57109,5521
10478,5522
7263,5523
64770,5524
22936,5525
149483,5526
3898,5527
51079,5528
57122,5529
10011,5530
4071,5531
965,5532
51343,5533
813,5534
2215,5535
2213,5536
23208,5537
29974,5538
171017,5539
84289,5540
26751,5541
1672,5542
23762,5543
11078,5544
5713,5545
129563,5546
151531,5547
7378,5548
9823,5549
10059,5550
2788,5551
51205,5552
7434,5553
2787,5554
8912,5555
5229,5556
2785,5557
326625,5558
4552,5559
7299,5560
7306,5561
54535,5562
85365,5563
553115,5564
8732,5565
8731,5566
9101,5567
2200,5568
6599,5569
10575,5570
9073,5571
9727,5572
9075,5573
7122,5574
1364,5575
9074,5576
4072,5577
6683,5578
150572,5579
4115,5580
117246,5581
9931,5582
93621,5583
10933,5584
3665,5585
5052,5586
23426,5587
359948,5588
26145,5589
3659,5590
10379,5591
3439,5592
9318,5593
57595,5594
79856,5595
3651,5596
3375,5597
63935,5598
389692,5599
1196,5600
1198,5601
57396,5602
59286,5603
81609,5604
3568,5605
10982,5606
6249,5607
23122,5608
3175,5609
137868,5610
2235,5611
22,5612
221527,5613
22894,5614
3099,5615
55068,5616
81890,5617
55629,5618
54,5619
55258,5620
2623,5621
81576,5622
192111,5623
2653,5624
6832,5625
6203,5626
55803,5627
55308,5628
57409,5629
11269,5630
8705,5631
5635,5632
1633,5633
23039,5634
10069,5635
7049,5636
3547,5637
8200,5638
3625,5639
3626,5640
343521,5641
10220,5642
339451,5643
153090,5644
140691,5645
253260,5646
57521,5647
6199,5648
64223,5649
10243,5650
1158,5651
84675,5652
57159,5653
5162,5654
6480,5655
1848,5656
4974,5657
146760,5658
9047,5659
4899,5660
23082,5661
3931,5662
6202,5663
6185,5664
6194,5665
6188,5666
3187,5667
6152,5668
2194,5669
9796,5670
5702,5671
3295,5672
3939,5673
3185,5674
1653,5675
6231,5676
6122,5677
1968,5678
6472,5679
55748,5680
7711,5681
3799,5682
4128,5683
2181,5684
9276,5685
444,5686
3270,5687
29950,5688
56970,5689
29946,5690
835,5691
4485,5692
55655,5693
27035,5694
9748,5695
23305,5696
92283,5697
84969,5698
23,5699
84441,5700
55534,5701
64769,5702
83746,5703
4163,5704
1840,5705
3714,5706
3955,5707
5949,5708
55759,5709
182,5710
252884,5711
84307,5712
79027,5713
115950,5714
3298,5715
8189,5716
3281,5717
53834,5718
4664,5719
4665,5720
64109,5721
85480,5722
10998,5723
9244,5724
23529,5725
59350,5726
6940,5727
84911,5728
64800,5729
6096,5730
10957,5731
83714,5732
4135,5733
5704,5734
4878,5735
190,5736
79364,5737
5629,5738
7884,5739
7753,5740
9988,5741
83897,5742
27085,5743
6125,5744
55749,5745
133746,5746
5716,5747
8557,5748
7319,5749
23741,5750
900,5751
7474,5752
2535,5753
7855,5754
51690,5755
11157,5756
5858,5757
161742,5758
200734,5759
51196,5760
26228,5761
4254,5762
1434,5763
26240,5764
10124,5765
5896,5766
978,5767
128178,5768
11187,5769
1824,5770
1825,5771
1823,5772
1829,5773
1830,5774
1828,5775
26039,5776
84839,5777
4901,5778
8815,5779
6314,5780
8740,5781
2051,5782
10677,5783
1795,5784
5706,5785
1392,5786
1395,5787
8784,5788
8995,5789
55504,5790
5091,5791
2806,5792
4191,5793
8703,5794
463,5795
55758,5796
27238,5797
84516,5798
79088,5799
51760,5800
51266,5801
9726,5802
196441,5803
23270,5804
80851,5805
2220,5806
2219,5807
57634,5808
1604,5809
720,5810
59269,5811
8439,5812
8396,5813
4050,5814
8718,5815
1588,5816
6820,5817
6783,5818
83475,5819
85300,5820
54583,5821
51147,5822
64344,5823
56938,5824
9575,5825
113091,5826
79813,5827
58525,5828
9502,5829
80764,5830
79602,5831
9370,5832
3251,5833
23558,5834
79803,5835
8061,5836
7391,5837
527,5838
79754,5839
113174,5840
56311,5841
8844,5842
25926,5843
3476,5844
11043,5845
5537,5846
3109,5847
7165,5848
7163,5849
114569,5850
89882,5851
1990,5852
5266,5853
90060,5854
57180,5855
51319,5856
64743,5857
6730,5858
6731,5859
7092,5860
55669,5861
6530,5862
7001,5863
22931,5864
55705,5865
682,5866
127703,5867
1641,5868
8287,5869
54874,5870
11252,5871
147179,5872
22978,5873
26061,5874
2847,5875
7123,5876
8545,5877
9587,5878
126393,5879
26353,5880
3419,5881
3420,5882
3421,5883
56944,5884
23140,5885
64978,5886
149986,5887
5464,5888
1420,5889
1415,5890
10248,5891
6300,5892
1039,5893
4744,5894
79658,5895
4761,5896
27129,5897
94086,5898
83444,5899
51720,5900
125476,5901
9992,5902
3753,5903
220108,5904
79576,5905
8241,5906
7718,5907
3208,5908
4671,5909
10553,5910
10592,5911
8864,5912
5187,5913
89797,5914
3628,5915
10899,5916
55775,5917
327,5918
79876,5919
80021,5920
3658,5921
2339,5922
2342,5923
11156,5924
2633,5925
56905,5926
171568,5927
79734,5928
474354,5929
8576,5930
80852,5931
10675,5932
4246,5933
10648,5934
4250,5935
10647,5936
84662,5937
284723,5938
55186,5939
590,5940
54977,5941
80345,5942
84790,5943
7803,5944
2786,5945
55966,5946
10926,5947
8390,5948
29991,5949
6873,5950
8805,5951
129685,5952
80854,5953
11335,5954
11016,5955
83860,5956
3162,5957
645,5958
23450,5959
1999,5960
10629,5961
23564,5962
10585,5963
29954,5964
199,5965
8540,5966
8443,5967
2354,5968
4513,5969
901,5970
85444,5971
55017,5972
3455,5973
29124,5974
11036,5975
170463,5976
30846,5977
3767,5978
29079,5979
10618,5980
9779,5981
361,5982
4063,5983
3916,5984
23223,5985
915,5986
93487,5987
29928,5988
23593,5989
10081,5990
9141,5991
5134,5992
6943,5993
103,5994
11260,5995
64081,5996
23071,5997
5176,5998
10565,5999
23464,6000
157739,6001
2693,6002
1325,6003
84310,6004
4951,6005
2936,6006
112936,6007
94039,6008
51141,6009
3638,6010
22937,6011
117581,6012
30834,6013
7095,6014
29072,6015
91754,6016
3592,6017
134728,6018
389,6019
60385,6020
2271,6021
8676,6022
339448,6023
22934,6024
1880,6025
8886,6026
57504,6027
26020,6028
6585,6029
2719,6030
7477,6031
2239,6032
10199,6033
55272,6034
92856,6035
4507,6036
583,6037
585,6038
1440,6039
178,6040
378884,6041
55750,6042
1431,6043
10494,6044
8428,6045
23549,6046
2028,6047
1215,6048
4142,6049
59272,6050
185,6051
5547,6052
54521,6053
84440,6054
339344,6055
7114,6056
151987,6057
9989,6058
9785,6059
57718,6060
22913,6061
2046,6062
23541,6063
23533,6064
151112,6065
23627,6066
55092,6067
6182,6068
3760,6069
3765,6070
3763,6071
3762,6072
5431,6073
30849,6074
129521,6075
171392,6076
1762,6077
5473,6078
5639,6079
10608,6080
83463,6081
9043,6082
4335,6083
4601,6084
4150,6085
2186,6086
79033,6087
84875,6088
1298,6089
1299,6090
1297,6091
4094,6092
8140,6093
6520,6094
255426,6095
4258,6096
80153,6097
7538,6098
1101,6099
4257,6100
4056,6101
26036,6102
9810,6103
79930,6104
60468,6105
7975,6106
571,6107
10616,6108
51599,6109
55884,6110
80333,6111
30818,6112
57126,6113
30819,6114
3752,6115
30820,6116
3750,6117
64682,6118
246184,6119
4234,6120
1936,6121
8682,6122
10213,6123
5719,6124
5718,6125
11117,6126
11147,6127
3430,6128
55798,6129
56950,6130
6843,6131
9218,6132
150094,6133
5007,6134
27031,6135
27130,6136
27005,6137
23016,6138
56915,6139
10480,6140
51678,6141
6120,6142
23420,6143
83706,6144
10600,6145
80142,6146
27077,6147
27236,6148
3887,6149
150483,6150
3854,6151
85359,6152
51322,6153
6602,6154
51061,6155
23237,6156
123,6157
23431,6158
84725,6159
10640,6160
378,6161
84220,6162
11264,6163
8800,6164
8799,6165
215,6166
5825,6167
225,6168
9409,6169
5092,6170
9149,6171
26003,6172
56259,6173
55860,6174
5453,6175
54345,6176
3171,6177
63974,6178
2296,6179
8548,6180
196472,6181
2644,6182
2695,6183
2696,6184
7461,6185
55224,6186
4332,6187
3212,6188
25979,6189
219541,6190
55299,6191
8809,6192
51744,6193
6005,6194
330,6195
10758,6196
931,6197
1195,6198
9128,6199
84232,6200
50632,6201
51710,6202
8637,6203
6907,6204
79718,6205
7464,6206
25837,6207
6532,6208
2244,6209
64714,6210
8578,6211
6513,6212
84188,6213
54663,6214
8722,6215
4282,6216
4835,6217
1728,6218
9733,6219
10465,6220
3347,6221
4589,6222
79837,6223
117584,6224
4634,6225
25924,6226
94121,6227
9501,6228
4288,6229
2004,6230
122876,6231
170589,6232
4045,6233
56924,6234
1826,6235
9647,6236
9815,6237
58480,6238
1975,6239
5063,6240
3755,6241
26251,6242
3754,6243
93107,6244
24145,6245
5027,6246
9098,6247
7347,6248
84733,6249
1755,6250
6441,6251
653509,6252
8654,6253
4881,6254
80318,6255
80342,6256
56937,6257
6508,6258
400961,6259
132158,6260
51806,6261
7053,6262
23214,6263
1663,6264
2323,6265
81847,6266
4682,6267
90993,6268
54867,6269
3093,6270
2620,6271
824,6272
85363,6273
53339,6274
117854,6275
2992,6276
10461,6277
80310,6278
11333,6279
5154,6280
56034,6281
124930,6282
88455,6283
6336,6284
132320,6285
9168,6286
55062,6287
10204,6288
1654,6289
53371,6290
214,6291
923,6292
29767,6293
7139,6294
9817,6295
26190,6296
6468,6297
54461,6298
25870,6299
23204,6300
257218,6301
6768,6302
83942,6303
338567,6304
8668,6305
57626,6306
10537,6307
8507,6308
53904,6309
80243,6310
51657,6311
142891,6312
112483,6313
5341,6314
79657,6315
79183,6316
10692,6317
55120,6318
55622,6319
83452,6320
55207,6321
269,6322
23604,6323
10300,6324
79023,6325
55111,6326
2109,6327
2108,6328
4293,6329
10214,6330
10652,6331
51272,6332
57530,6333
10686,6334
29855,6335
2707,6336
421,6337
22866,6338
58494,6339
376267,6340
54458,6341
11275,6342
124460,6343
181,6344
4159,6345
10153,6346
6594,6347
6760,6348
55193,6349
54108,6350
51773,6351
2043,6352
1266,6353
84867,6354
4068,6355
4162,6356
1861,6357
163590,6358
27348,6359
908,6360
92335,6361
22902,6362
4061,6363
54475,6364
6130,6365
57003,6366
79842,6367
22906,6368
29761,6369
10773,6370
25987,6371
9205,6372
113026,6373
5671,6374
9595,6375
9265,6376
23150,6377
26034,6378
55437,6379
1801,6380
285381,6381
26297,6382
8636,6383
155465,6384
27076,6385
1152,6386
387923,6387
140462,6388
9172,6389
55825,6390
1611,6391
8997,6392
127933,6393
140545,6394
9158,6395
2063,6396
221037,6397
51102,6398
23019,6399
29893,6400
29982,6401
4350,6402
6257,6403
6567,6404
6875,6405
23113,6406
7327,6407
23114,6408
10615,6409
1977,6410
2873,6411
10920,6412
51138,6413
50813,6414
9820,6415
26259,6416
55832,6417
150684,6418
26260,6419
4794,6420
10444,6421
79699,6422
25841,6423
10168,6424
7625,6425
7556,6426
81559,6427
80705,6428
9832,6429
4306,6430
51592,6431
9586,6432
64403,6433
6737,6434
7375,6435
1859,6436
80308,6437
11074,6438
2669,6439
1408,6440
103910,6441
83707,6442
4077,6443
875,6444
9398,6445
2779,6446
3174,6447
2494,6448
2101,6449
774,6450
5996,6451
2916,6452
6334,6453
5149,6454
11262,6455
23620,6456
8468,6457
22843,6458
9971,6459
6277,6460
2911,6461
5230,6462
11076,6463
4923,6464
23779,6465
393,6466
5617,6467
2688,6468
51388,6469
221458,6470
51052,6471
2834,6472
54836,6473
3189,6474
312,6475
3801,6476
65005,6477
6519,6478
23428,6479
4597,6480
1979,6481
4340,6482
9532,6483
3304,6484
117157,6485
8832,6486
57823,6487
11329,6488
4222,6489
5075,6490
3306,6491
7288,6492
25813,6493
2204,6494
140689,6495
643866,6496
147381,6497
869,6498
5161,6499
54704,6500
83478,6501
25814,6502
26287,6503
10627,6504
55632,6505
7940,6506
1160,6507
10935,6508
196383,6509
1293,6510
64395,6511
1893,6512
23231,6513
1504,6514
1412,6515
23710,6516
58155,6517
10922,6518
55861,6519
7755,6520
8115,6521
6944,6522
4676,6523
26985,6524
55607,6525
25865,6526
9628,6527
8848,6528
51573,6529
51699,6530
8508,6531
6331,6532
3552,6533
3553,6534
7850,6535
162989,6536
4629,6537
8099,6538
10263,6539
3938,6540
9695,6541
8720,6542
3359,6543
55148,6544
57019,6545
8073,6546
23352,6547
7579,6548
51282,6549
7589,6550
942,6551
941,6552
11072,6553
84688,6554
939,6555
970,6556
10572,6557
116071,6558
100133941,6559
51099,6560
5756,6561
28511,6562
11344,6563
51360,6564
8661,6565
4686,6566
22916,6567
5449,6568
4925,6569
2195,6570
100,6571
54923,6572
6855,6573
2047,6574
971,6575
10252,6576
10825,6577
240,6578
1132,6579
399694,6580
1144,6581
79465,6582
5673,6583
5669,6584
57594,6585
10870,6586
5313,6587
113655,6588
5434,6589
5433,6590
5436,6591
5435,6592
5441,6593
5437,6594
27336,6595
58190,6596
81669,6597
55284,6598
5439,6599
689,6600
22977,6601
84967,6602
5438,6603
434,6604
9874,6605
11011,6606
6349,6607
159195,6608
54532,6609
2976,6610
51008,6611
5303,6612
2671,6613
81605,6614
29789,6615
10970,6616
57453,6617
23228,6618
84498,6619
4772,6620
4776,6621
2872,6622
1852,6623
1849,6624
1844,6625
9255,6626
11221,6627
80824,6628
122953,6629
5602,6630
23005,6631
9467,6632
7976,6633
54810,6634
126326,6635
8322,6636
7476,6637
8324,6638
84970,6639
8729,6640
9849,6641
80023,6642
112574,6643
64787,6644
2891,6645
2892,6646
55805,6647
6531,6648
2897,6649
9585,6650
548596,6651
1159,6652
292,6653
54882,6654
399664,6655
23786,6656
83596,6657
348995,6658
3557,6659
5083,6660
1746,6661
5978,6662
148156,6663
57215,6664
9139,6665
4034,6666
51477,6667
6473,6668
2966,6669
1161,6670
404672,6671
2068,6672
2072,6673
64210,6674
2968,6675
9167,6676
5100,6677
6156,6678
5099,6679
10432,6680
9568,6681
11219,6682
4779,6683
29903,6684
84699,6685
6928,6686
55509,6687
9659,6688
9901,6689
1062,6690
6623,6691
10717,6692
55553,6693
333926,6694
26054,6695
5905,6696
160140,6697
10055,6698
10054,6699
26168,6700
55269,6701
9588,6702
34,6703
10576,6704
10574,6705
3615,6706
10262,6707
3945,6708
10549,6709
9352,6710
226,6711
7335,6712
50,6713
8833,6714
2539,6715
2950,6716
55374,6717
11077,6718
9856,6719
10116,6720
3467,6721
64843,6722
26160,6723
89884,6724
282991,6725
388552,6726
57534,6727
27131,6728
5733,6729
5731,6730
10991,6731
54407,6732
60485,6733
6373,6734
2833,6735
643,6736
58191,6737
10663,6738
348980,6739
610,6740
10021,6741
5094,6742
84246,6743
23030,6744
117579,6745
339403,6746
5730,6747
5737,6748
5732,6749
7267,6750
57716,6751
22930,6752
23335,6753
25782,6754
5184,6755
55075,6756
1071,6757
55593,6758
4048,6759
124401,6760
7546,6761
7547,6762
4943,6763
7545,6764
7293,6765
3604,6766
7292,6767
54857,6768
2980,6769
2981,6770
123228,6771
3775,6772
9751,6773
81873,6774
54556,6775
7376,6776
1510,6777
2673,6778
3908,6779
9410,6780
8743,6781
1959,6782
84186,6783
10847,6784
10463,6785
2103,6786
5956,6787
3800,6788
4862,6789
29028,6790
8463,6791
63925,6792
9584,6793
135112,6794
23532,6795
55266,6796
26580,6797
6566,6798
9123,6799
23759,6800
2895,6801
83481,6802
9522,6803
481,6804
8560,6805
3226,6806
10067,6807
8218,6808
374,6809
10045,6810
819,6811
204,6812
6905,6813
28955,6814
402,6815
1155,6816
79034,6817
7358,6818
64710,6819
5291,6820
4880,6821
133522,6822
23411,6823
84292,6824
112399,6825
56897,6826
2078,6827
6938,6828
1059,6829
23378,6830
9709,6831
3613,6832
112840,6833
765,6834
29896,6835
57646,6836
259197,6837
9436,6838
8076,6839
719,6840
54926,6841
570,6842
23657,6843
8570,6844
55600,6845
6324,6846
4239,6847
285527,6848
6439,6849
1512,6850
116092,6851
134510,6852
55229,6853
55613,6854
9108,6855
9107,6856
8898,6857
6305,6858
427,6859
146849,6860
55011,6861
51364,6862
10588,6863
51157,6864
8916,6865
5393,6866
10295,6867
27304,6868
84277,6869
9807,6870
55144,6871
65109,6872
10327,6873
285025,6874
57125,6875
6728,6876
3698,6877
1411,6878
1413,6879
57410,6880
92344,6881
26575,6882
2000,6883
26269,6884
26232,6885
26273,6886
26270,6887
26268,6888
10910,6889
93611,6890
55336,6891
26224,6892
26234,6893
26235,6894
3352,6895
26155,6896
154075,6897
2187,6898
2152,6899
3182,6900
199720,6901
55215,6902
2165,6903
8106,6904
6144,6905
416,6906
9208,6907
9209,6908
54796,6909
1176,6910
23235,6911
55023,6912
11178,6913
2305,6914
1854,6915
6241,6916
8208,6917
1033,6918
5744,6919
64061,6920
23552,6921
5495,6922
85417,6923
81928,6924
1032,6925
3429,6926
10485,6927
10217,6928
9204,6929
124790,6930
10614,6931
1404,6932
4319,6933
9702,6934
155382,6935
92609,6936
55742,6937
6251,6938
3155,6939
58475,6940
1153,6941
79868,6942
127343,6943
23353,6944
8464,6945
217,6946
10651,6947
4580,6948
10868,6949
120,6950
6536,6951
2823,6952
957,6953
7011,6954
6674,6955
8563,6956
1747,6957
6385,6958
57175,6959
8527,6960
6505,6961
5597,6962
2572,6963
59,6964
57546,6965
3761,6966
688,6967
2557,6968
6230,6969
4354,6970
56963,6971
174,6972
11243,6973
64708,6974
4593,6975
1140,6976
79594,6977
6340,6978
6338,6979
6337,6980
23559,6981
10365,6982
4778,6983
51645,6984
6356,6985
51601,6986
53938,6987
10569,6988
80212,6989
56302,6990
793,6991
9053,6992
51393,6993
10626,6994
57664,6995
80228,6996
9446,6997
8237,6998
78987,6999
55274,7000
9706,7001
199745,7002
9235,7003
1475,7004
3920,7005
8530,7006
1075,7007
6138,7008
51382,7009
6139,7010
6137,7011
2249,7012
8822,7013
9965,7014
8817,7015
2253,7016
2251,7017
2250,7018
2248,7019
1473,7020
776,7021
9887,7022
54756,7023
2919,7024
2921,7025
9468,7026
6374,7027
6372,7028
4283,7029
51450,7030
5995,7031
133418,7032
64170,7033
22900,7034
59082,7035
83931,7036
121506,7037
10961,7038
2646,7039
6405,7040
5822,7041
147339,7042
6659,7043
7328,7044
4267,7045
26355,7046
7336,7047
56852,7048
7320,7049
23304,7050
7695,7051
161882,7052
10516,7053
29780,7054
64098,7055
55589,7056
30811,7057
114932,7058
4698,7059
4707,7060
4694,7061
5368,7062
10296,7063
54861,7064
3567,7065
3607,7066
3578,7067
84991,7068
22980,7069
11194,7070
22929,7071
51204,7072
196403,7073
7447,7074
79444,7075
11336,7076
5141,7077
51086,7078
6128,7079
8481,7080
116983,7081
23032,7082
23253,7083
23640,7084
6664,7085
5456,7086
55329,7087
1730,7088
80174,7089
56906,7090
26505,7091
6234,7092
5211,7093
126070,7094
54927,7095
27306,7096
158471,7097
9994,7098
8505,7099
8639,7100
4322,7101
1933,7102
23101,7103
2056,7104
55300,7105
4069,7106
64420,7107
2348,7108
170680,7109
714,7110
8482,7111
10154,7112
10333,7113
23643,7114
51311,7115
6328,7116
55800,7117
25885,7118
84172,7119
9533,7120
51082,7121
4528,7122
9462,7123
64425,7124
10849,7125
9908,7126
25950,7127
3822,7128
64332,7129
55559,7130
51377,7131
55142,7132
6657,7133
9095,7134
9173,7135
57161,7136
11213,7137
23181,7138
25766,7139
25816,7140
6098,7141
7126,7142
79155,7143
10526,7144
10527,7145
6147,7146
6201,7147
9349,7148
5897,7149
83666,7150
221895,7151
9152,7152
8408,7153
5871,7154
2649,7155
84447,7156
286514,7157
2355,7158
1393,7159
7349,7160
55612,7161
51340,7162
7005,7163
7004,7164
6615,7165
55916,7166
56000,7167
29107,7168
10106,7169
6146,7170
6094,7171
51727,7172
8416,7173
1773,7174
1241,7175
10735,7176
9100,7177
8724,7178
6742,7179
5428,7180
23648,7181
23635,7182
29775,7183
79092,7184
10892,7185
170261,7186
337867,7187
4008,7188
5724,7189
152789,7190
55844,7191
6827,7192
51759,7193
56729,7194
22899,7195
23370,7196
386618,7197
283518,7198
91522,7199
4495,7200
84651,7201
129531,7202
9825,7203
3796,7204
147700,7205
9696,7206
89953,7207
337,7208
2760,7209
5644,7210
1585,7211
2230,7212
80149,7213
4608,7214
4606,7215
55312,7216
79897,7217
10556,7218
10799,7219
10557,7220
54910,7221
4355,7222
2977,7223
6329,7224
3766,7225
55227,7226
93643,7227
23303,7228
7259,7229
115827,7230
23381,7231
5126,7232
5122,7233
23293,7234
165904,7235
11168,7236
11093,7237
84076,7238
8735,7239
79784,7240
316,7241
8491,7242
220164,7243
4902,7244
2674,7245
2668,7246
5973,7247
2635,7248
3145,7249
58506,7250
60529,7251
51133,7252
3508,7253
283149,7254
22891,7255
5228,7256
8828,7257
1670,7258
2289,7259
10286,7260
79039,7261
687,7262
1668,7263
54149,7264
10371,7265
10512,7266
7869,7267
7423,7268
10505,7269
23312,7270
768,7271
767,7272
3073,7273
54830,7274
762,7275
81557,7276
2689,7277
2938,7278
2939,7279
79679,7280
63827,7281
4016,7282
6649,7283
10024,7284
5817,7285
865,7286
23129,7287
64218,7288
100049587,7289
55907,7290
89790,7291
9947,7292
27019,7293
22985,7294
60598,7295
493861,7296
3060,7297
85464,7298
54961,7299
54434,7300
1265,7301
84700,7302
10694,7303
25802,7304
11151,7305
137735,7306
1073,7307
3062,7308
2691,7309
725,7310
4496,7311
4494,7312
85456,7313
92610,7314
497189,7315
55174,7316
81566,7317
55692,7318
4670,7319
7775,7320
7555,7321
6051,7322
4514,7323
5653,7324
953,7325
5902,7326
29098,7327
8498,7328
706,7329
1622,7330
6493,7331
6492,7332
266743,7333
9915,7334
9321,7335
6348,7336
114990,7337
2331,7338
1537,7339
7386,7340
3632,7341
23387,7342
10749,7343
2625,7344
1137,7345
3196,7346
1665,7347
26031,7348
7016,7349
10420,7350
23012,7351
26064,7352
5298,7353
83732,7354
85377,7355
57679,7356
25831,7357
9973,7358
4236,7359
57695,7360
5250,7361
23380,7362
56623,7363
23138,7364
6187,7365
85440,7366
23373,7367
64784,7368
54477,7369
256364,7370
23677,7371
357,7372
23034,7373
55971,7374
55785,7375
9967,7376
11190,7377
9859,7378
51474,7379
6240,7380
23332,7381
55119,7382
10238,7383
84859,7384
1133,7385
2743,7386
2745,7387
9475,7388
115761,7389
6347,7390
7369,7391
3934,7392
7058,7393
7079,7394
64386,7395
4326,7396
6354,7397
6695,7398
6357,7399
6355,7400
50859,7401
51693,7402
6283,7403
3346,7404
58487,7405
952,7406
1734,7407
7444,7408
65268,7409
6559,7410
10713,7411
7181,7412
54606,7413
6470,7414
360,7415
230,7416
729967,7417
10930,7418
50943,7419
440193,7420
23348,7421
8742,7422
6553,7423
10479,7424
84679,7425
192683,7426
9898,7427
9935,7428
2019,7429
6339,7430
55041,7431
2304,7432
89866,7433
22872,7434
51426,7435
57758,7436
80274,7437
222663,7438
286827,7439
9862,7440
7799,7441
547,7442
7494,7443
57541,7444
8450,7445
8681,7446
64285,7447
8736,7448
10775,7449
1001,7450
9510,7451
10944,7452
89796,7453
57531,7454
22881,7455
4004,7456
64100,7457
6887,7458
55814,7459
11005,7460
64225,7461
112476,7462
9853,7463
671,7464
8559,7465
10105,7466
10450,7467
60482,7468
27252,7469
143241,7470
2197,7471
84298,7472
3181,7473
279,7474
2813,7475
79042,7476
25911,7477
5814,7478
4942,7479
886,7480
5304,7481
253959,7482
57186,7483
57148,7484
83548,7485
22796,7486
9382,7487
25839,7488
10466,7489
91949,7490
2849,7491
2848,7492
3779,7493
1179,7494
10725,7495
26256,7496
10023,7497
23401,7498
51667,7499
84959,7500
53347,7501
7398,7502
56957,7503
51024,7504
8562,7505
10509,7506
81693,7507
54039,7508
9782,7509
79171,7510
55182,7511
8555,7512
389941,7513
65997,7514
90390,7515
6837,7516
9442,7517
9440,7518
11313,7519
54797,7520
84878,7521
23072,7522
6748,7523
57520,7524
1946,7525
1945,7526
2045,7527
1944,7528
285220,7529
2044,7530
1949,7531
25791,7532
51605,7533
115708,7534
55621,7535
2258,7536
2257,7537
6361,7538
60592,7539
6102,7540
23568,7541
151188,7542
10550,7543
51329,7544
50484,7545
90121,7546
3764,7547
10060,7548
3773,7549
3772,7550
51085,7551
57786,7552
3169,7553
23132,7554
7818,7555
2119,7556
1644,7557
57178,7558
25898,7559
23780,7560
130617,7561
9758,7562
114902,7563
83552,7564
23209,7565
1953,7566
7130,7567
3273,7568
950,7569
55697,7570
2994,7571
2995,7572
10590,7573
30845,7574
10938,7575
55014,7576
78994,7577
55109,7578
8793,7579
9966,7580
8771,7581
4807,7582
23760,7583
1417,7584
1414,7585
51298,7586
4978,7587
54739,7588
22950,7589
65108,7590
54902,7591
64320,7592
4046,7593
6751,7594
6750,7595
6754,7596
93185,7597
3823,7598
114815,7599
1007,7600
1006,7601
1005,7602
83439,7603
64321,7604
140825,7605
10642,7606
1009,7607
1014,7608
6656,7609
29119,7610
1952,7611
118427,7612
3029,7613
7086,7614
8302,7615
4849,7616
4848,7617
57472,7618
8542,7619
8515,7620
22801,7621
254887,7622
383,7623
9635,7624
54020,7625
11091,7626
84465,7627
4745,7628
4753,7629
64599,7630
375790,7631
1954,7632
55072,7633
55700,7634
51162,7635
84133,7636
64753,7637
84315,7638
126382,7639
54913,7640
51367,7641
55837,7642
23414,7643
6227,7644
5619,7645
64328,7646
26206,7647
6560,7648
6557,7649
6558,7650
2131,7651
55295,7652
81848,7653
2040,7654
10314,7655
23484,7656
10219,7657
51375,7658
5261,7659
3705,7660
84876,7661
252969,7662
143689,7663
9271,7664
8502,7665
140290,7666
9313,7667
9844,7668
63916,7669
200504,7670
7031,7671
50509,7672
140628,7673
4330,7674
3213,7675
65056,7676
121441,7677
7707,7678
10111,7679
1052,7680
4889,7681
79165,7682
8620,7683
10886,7684
64106,7685
58490,7686
6609,7687
8445,7688
8438,7689
7072,7690
126282,7691
3104,7692
81839,7693
85407,7694
4062,7695
57216,7696
80319,7697
55588,7698
10025,7699
25862,7700
9477,7701
5721,7702
79446,7703
9913,7704
6515,7705
285489,7706
26085,7707
89777,7708
7781,7709
11330,7710
696,7711
7498,7712
2009,7713
81875,7714
2894,7715
25876,7716
11179,7717
92822,7718
27012,7719
9312,7720
140803,7721
7226,7722
9741,7723
3642,7724
81027,7725
7272,7726
55008,7727
26091,7728
51193,7729
9857,7730
51555,7731
57523,7732
83638,7733
7458,7734
6358,7735
6359,7736
6351,7737
729230,7738
11230,7739
5004,7740
55894,7741
1237,7742
6346,7743
8537,7744
23521,7745
5634,7746
605,7747
8834,7748
55240,7749
8647,7750
5244,7751
9764,7752
926,7753
57763,7754
7475,7755
81029,7756
79623,7757
56667,7758
4324,7759
4325,7760
27123,7761
64965,7762
23582,7763
83759,7764
3111,7765
6786,7766
57620,7767
170591,7768
8476,7769
731,7770
735,7771
732,7772
733,7773
51442,7774
4625,7775
4207,7776
245806,7777
9686,7778
5314,7779
60313,7780
25798,7781
23520,7782
5274,7783
5276,7784
9801,7785
6320,7786
136319,7787
4931,7788
54974,7789
55531,7790
55249,7791
55280,7792
2747,7793
65220,7794
92840,7795
3820,7796
29121,7797
10897,7798
81555,7799
23581,7800
2837,7801
10911,7802
23043,7803
6846,7804
2829,7805
6375,7806
55225,7807
7991,7808
51365,7809
23787,7810
64847,7811
29952,7812
55127,7813
6603,7814
255967,7815
9924,7816
50511,7817
85445,7818
121536,7819
7073,7820
54675,7821
7903,7822
8128,7823
51046,7824
4685,7825
203260,7826
2488,7827
7252,7828
93659,7829
10395,7830
23746,7831
51763,7832
2222,7833
79174,7834
1141,7835
1143,7836
1138,7837
1146,7838
1135,7839
1136,7840
9175,7841
4619,7842
9242,7843
27151,7844
11343,7845
1296,7846
1119,7847
4681,7848
946,7849
7143,7850
112398,7851
6627,7852
51705,7853
23321,7854
51399,7855
1448,7856
4515,7857
283455,7858
6870,7859
6866,7860
255061,7861
6865,7862
6869,7863
27133,7864
3756,7865
84920,7866
144245,7867
54883,7868
55285,7869
151613,7870
79005,7871
220965,7872
55565,7873
26152,7874
64376,7875
60493,7876
9925,7877
1804,7878
8745,7879
55957,7880
25915,7881
7802,7882
10239,7883
140459,7884
56681,7885
167826,7886
29057,7887
57522,7888
2245,7889
4649,7890
148170,7891
55191,7892
79858,7893
79695,7894
55568,7895
9623,7896
1528,7897
1543,7898
1727,7899
6319,7900
1586,7901
9543,7902
3112,7903
84957,7904
768211,7905
222643,7906
384,7907
9622,7908
25818,7909
9984,7910
54933,7911
54625,7912
342510,7913
9377,7914
1008,7915
26100,7916
10063,7917
1102,7918
51042,7919
168417,7920
84622,7921
79188,7922
51059,7923
57486,7924
54760,7925
11165,7926
11063,7927
11164,7928
4913,7929
10232,7930
23412,7931
55713,7932
27309,7933
6181,7934
65095,7935
143379,7936
57642,7937
146722,7938
11319,7939
5557,7940
49855,7941
1525,7942
4259,7943
51807,7944
5546,7945
4957,7946
9928,7947
10198,7948
3363,7949
1559,7950
1544,7951
1571,7952
1557,7953
29802,7954
6487,7955
4111,7956
10495,7957
4715,7958
78990,7959
54431,7960
162681,7961
3589,7962
6906,7963
4887,7964
594,7965
593,7966
644150,7967
128434,7968
1584,7969
57619,7970
26052,7971
5214,7972
4548,7973
11142,7974
2746,7975
4200,7976
10126,7977
27089,7978
7381,7979
9114,7980
126014,7981
51700,7982
8449,7983
56341,7984
57563,7985
25894,7986
6564,7987
6815,7988
4886,7989
5957,7990
6759,7991
80829,7992
55527,7993
4338,7994
151742,7995
1961,7996
4360,7997
6658,7998
30062,7999
85358,8000
10765,8001
50624,8002
50856,8003
51659,8004
84296,8005
4668,8006
10039,8007
115704,8008
140609,8009
11198,8010
55256,8011
11326,8012
10562,8013
10877,8014
81494,8015
730,8016
55070,8017
2802,8018
10906,8019
2793,8020
202333,8021
28966,8022
283208,8023
8974,8024
4660,8025
5509,8026
79660,8027
221692,8028
81930,8029
6992,8030
5514,8031
64434,8032
84919,8033
6726,8034
6727,8035
4320,8036
51666,8037
9061,8038
81603,8039
64359,8040
8382,8041
84332,8042
899,8043
1041,8044
84897,8045
9238,8046
344148,8047
2819,8048
8195,8049
10927,8050
1345,8051
79663,8052
60489,8053
6745,8054
10249,8055
6183,8056
90865,8057
63875,8058
10280,8059
85450,8060
10768,8061
57524,8062
23765,8063
3605,8064
11096,8065
4327,8066
94233,8067
83933,8068
8820,8069
10587,8070
9068,8071
7008,8072
4798,8073
10881,8074
9806,8075
5178,8076
117194,8077
23024,8078
84034,8079
2918,8080
9937,8081
23314,8082
1466,8083
5023,8084
22953,8085
5024,8086
5025,8087
2014,8088
9127,8089
22903,8090
10368,8091
55709,8092
53919,8093
6390,8094
389874,8095
23174,8096
4520,8097
57715,8098
27158,8099
9365,8100
80204,8101
3458,8102
57509,8103
51291,8104
259173,8105
29,8106
84986,8107
2567,8108
2565,8109
2001,8110
10598,8111
84245,8112
23492,8113
283238,8114
94103,8115
54949,8116
64699,8117
10846,8118
10885,8119
93661,8120
830,8121
91179,8122
4808,8123
2706,8124
10804,8125
80227,8126
5711,8127
5715,8128
84171,8129
51316,8130
28970,8131
2592,8132
23583,8133
4833,8134
8778,8135
56926,8136
408050,8137
6539,8138
57597,8139
27335,8140
9982,8141
126374,8142
55602,8143
7770,8144
79685,8145
23283,8146
79132,8147
9550,8148
7342,8149
29842,8150
113675,8151
27253,8152
55275,8153
6293,8154
54510,8155
55770,8156
55763,8157
23233,8158
23539,8159
4637,8160
10225,8161
414061,8162
11080,8163
2444,8164
2900,8165
2899,8166
4439,8167
22908,8168
143187,8169
5652,8170
54870,8171
54543,8172
10452,8173
4678,8174
131408,8175
1962,8176
163882,8177
9854,8178
6397,8179
4632,8180
26230,8181
7216,8182
84056,8183
83734,8184
23248,8185
10209,8186
28987,8187
29949,8188
3590,8189
2946,8190
2944,8191
2947,8192
5937,8193
23512,8194
124056,8195
5326,8196
83440,8197
9210,8198
10434,8199
307,8200
84515,8201
6191,8202
442867,8203
932,8204
27339,8205
7705,8206
8653,8207
64856,8208
25805,8209
79870,8210
8692,8211
6525,8212
54985,8213
5763,8214
6999,8215
8623,8216
51286,8217
162417,8218
55116,8219
55998,8220
23197,8221
9092,8222
10265,8223
5252,8224
149420,8225
6581,8226
9631,8227
2733,8228
6165,8229
84248,8230
7102,8231
1847,8232
4214,8233
142679,8234
54442,8235
51009,8236
1506,8237
8036,8238
4502,8239
72,8240
55125,8241
6652,8242
27350,8243
27344,8244
146059,8245
10110,8246
23060,8247
11346,8248
84628,8249
7840,8250
26033,8251
8808,8252
10068,8253
25824,8254
23038,8255
399687,8256
9918,8257
10051,8258
23310,8259
10326,8260
5358,8261
23518,8262
22864,8263
54540,8264
79633,8265
5954,8266
342667,8267
139105,8268
118738,8269
10865,8270
955,8271
259230,8272
27245,8273
23264,8274
146433,8275
91752,8276
165530,8277
26233,8278
51256,8279
8412,8280
79912,8281
139596,8282
1056,8283
165,8284
8908,8285
51259,8286
9166,8287
8522,8288
94032,8289
873,8290
338692,8291
83394,8292
414060,8293
326624,8294
11133,8295
3902,8296
9373,8297
10398,8298
51022,8299
6729,8300
220869,8301
7326,8302
4604,8303
342184,8304
91010,8305
55596,8306
114793,8307
8999,8308
23014,8309
23219,8310
8786,8311
55626,8312
54749,8313
6871,8314
83641,8315
4719,8316
64342,8317
57820,8318
65082,8319
1479,8320
25833,8321
4863,8322
5096,8323
5095,8324
116449,8325
10236,8326
220388,8327
5875,8328
9841,8329
10125,8330
83851,8331
255928,8332
92285,8333
23301,8334
23109,8335
80254,8336
8556,8337
534,8338
9069,8339
440,8340
7424,8341
6232,8342
58478,8343
1047,8344
2515,8345
4190,8346
84941,8347
2876,8348
51594,8349
6582,8350
79077,8351
9891,8352
440068,8353
22915,8354
55704,8355
80146,8356
241,8357
23406,8358
6619,8359
5626,8360
84968,8361
10544,8362
6676,8363
3797,8364
3033,8365
9735,8366
11138,8367
7140,8368
3790,8369
154796,8370
9087,8371
79937,8372
124801,8373
118424,8374
84950,8375
3445,8376
3440,8377
3442,8378
3456,8379
57162,8380
246330,8381
10785,8382
6580,8383
256297,8384
121549,8385
7390,8386
51246,8387
57692,8388
131890,8389
8433,8390
9489,8391
124925,8392
55846,8393
64429,8394
290,8395
388585,8396
84290,8397
6611,8398
4731,8399
10103,8400
4723,8401
150084,8402
51686,8403
79893,8404
3249,8405
3998,8406
90411,8407
229,8408
85865,8409
9443,8410
496,8411
11068,8412
168544,8413
1373,8414
11128,8415
57685,8416
157310,8417
27242,8418
344,8419
57505,8420
79676,8421
9894,8422
115677,8423
2030,8424
10123,8425
85406,8426
8693,8427
2590,8428
54552,8429
9338,8430
64919,8431
147945,8432
10730,8433
84219,8434
9227,8435
5948,8436
23154,8437
57143,8438
10644,8439
84993,8440
2967,8441
63943,8442
7125,8443
9033,8444
11123,8445
9380,8446
6747,8447
55230,8448
7162,8449
341,8450
80746,8451
10276,8452
7364,8453
1576,8454
10007,8455
23339,8456
2020,8457
683,8458
91147,8459
55268,8460
55619,8461
9919,8462
54344,8463
10969,8464
6507,8465
56301,8466
9056,8467
1004,8468
1012,8469
1010,8470
1016,8471
28513,8472
51706,8473
2820,8474
134391,8475
222484,8476
5444,8477
51397,8478
3351,8479
3355,8480
3699,8481
10099,8482
5010,8483
64096,8484
5623,8485
2675,8486
9536,8487
7059,8488
79065,8489
7827,8490
84623,8491
78992,8492
286451,8493
92737,8494
6121,8495
5950,8496
126669,8497
56961,8498
2193,8499
1048,8500
55170,8501
6535,8502
55355,8503
11031,8504
10954,8505
117154,8506
922,8507
8082,8508
10072,8509
6447,8510
50805,8511
4588,8512
63917,8513
51274,8514
11279,8515
10623,8516
3250,8517
65265,8518
1396,8519
566,8520
200539,8521
54433,8522
27244,8523
83667,8524
3612,8525
729238,8526
56943,8527
4879,8528
6210,8529
6160,8530
28973,8531
4598,8532
11026,8533
51127,8534
23212,8535
60490,8536
6690,8537
140767,8538
2168,8539
400569,8540
55031,8541
84775,8542
2556,8543
222894,8544
25998,8545
270,8546
79080,8547
85458,8548
114625,8549
26762,8550
661,8551
55718,8552
10196,8553
286204,8554
917,8555
2832,8556
283869,8557
256933,8558
2831,8559
3360,8560
6171,8561
117247,8562
55850,8563
7593,8564
55591,8565
9603,8566
25975,8567
10552,8568
50604,8569
83862,8570
2805,8571
83999,8572
50650,8573
1609,8574
57336,8575
51499,8576
4622,8577
92105,8578
729475,8579
8744,8580
60496,8581
374403,8582
5535,8583
54951,8584
51122,8585
170622,8586
149951,8587
54939,8588
28991,8589
4882,8590
4883,8591
54929,8592
80332,8593
23608,8594
53335,8595
51514,8596
200316,8597
2018,8598
83992,8599
7984,8600
84065,8601
28985,8602
4277,8603
100507436,8604
7173,8605
53905,8606
57488,8607
3418,8608
1892,8609
150472,8610
4680,8611
1088,8612
51156,8613
154865,8614
4774,8615
57621,8616
283248,8617
84922,8618
3891,8619
10221,8620
80031,8621
6330,8622
203447,8623
6450,8624
85477,8625
57703,8626
9064,8627
50506,8628
6700,8629
54825,8630
6529,8631
53407,8632
83660,8633
89941,8634
6035,8635
6050,8636
84527,8637
81551,8638
50861,8639
9789,8640
152831,8641
26291,8642
116369,8643
6443,8644
6442,8645
199731,8646
85409,8647
6510,8648
6523,8649
4481,8650
160851,8651
6782,8652
29106,8653
1113,8654
7857,8655
84735,8656
91624,8657
121512,8658
5768,8659
79872,8660
9132,8661
7148,8662
1259,8663
9187,8664
9356,8665
1002,8666
79172,8667
64105,8668
64946,8669
11004,8670
28951,8671
9704,8672
57647,8673
142678,8674
146712,8675
84539,8676
54210,8677
54209,8678
26578,8679
10620,8680
4144,8681
27430,8682
2861,8683
91526,8684
362,8685
8216,8686
65117,8687
143,8688
23224,8689
203,8690
80237,8691
150771,8692
57402,8693
140576,8694
2875,8695
9781,8696
29841,8697
57822,8698
79977,8699
23112,8700
79152,8701
79879,8702
124220,8703
27122,8704
197257,8705
10635,8706
285613,8707
89781,8708
3257,8709
84272,8710
9990,8711
29926,8712
29925,8713
57463,8714
386724,8715
347902,8716
339230,8717
58538,8718
51125,8719
22807,8720
