diseaseId,DOID
C0018923,0001816
C0033999,0002116
C0024291,0050120
C1800706,0050156
C0022972,0050214
C0010308,0050328
C0342200,0050328
C0032580,0050424
C0035258,0050425
C0038325,0050426
C0043346,0050427
C0022584,0050428
C0085106,0050429
C0349788,0050431
C0236792,0050432
C1563715,0050434
C0524582,0050436
C0878677,0050437
C0271097,0050439
C0271694,0050440
C1720859,0050440
C1720860,0050440
C1720861,0050440
C0268263,0050441
C1720864,0050441
C0282527,0050444
C0733682,0050445
C1845168,0050445
C3540852,0050445
C1721005,0050448
C0265334,0050449
C1706595,0050449
C1721007,0050449
C0268450,0050450
C1142166,0050451
C0342731,0050452
C0398691,0050452
C1959626,0050452
C0266463,0050453
C0266483,0050453
C1848213,0050454
C1868720,0050454
C0085568,0050456
C0349639,0050458
C0085681,0050459
C0796117,0050460
C1956097,0050460
C0268255,0050464
C0265961,0050467
C1851480,0050467
C0587248,0050469
C0546966,0050472
C0268425,0050473
C0265962,0050474
C0265313,0050475
C1869114,0050475
C1869115,0050475
C0221043,0050477
C0023493,0050523
C0393538,0050530
C1306122,0050534
C0399352,0050591
C0796028,0050647
C0266006,0050677
C0265339,0050681
C1859405,0050684
C1857941,0050693
C0878681,0050699
C1845167,0050699
C1848336,0050699
C0028043,0050742
C0393576,0050766
C0030421,0050773
C1849930,0050791
C1849678,0050797
C1869122,0050802
C1854466,0050814
C0004245,0050820
C0265354,0050834
C2936502,0050834
C0013423,0050835
C0393598,0050835
C0752207,0050835
C0037315,0050847
C0268390,0050854
C1319315,0050861
C0162510,0050876
C0025149,0050902
C0206663,0050902
C0752122,0050957
C0272167,0060020
C0162538,0060025
C0024305,0060060
C0700595,0060160
C0751781,0060162
C0009319,0060180
C0156147,0060192
C0206138,0060218
C0004238,0060224
C0265268,0060227
C0393590,0060230
C1275078,0060234
C0342790,0060235
C0268118,0060236
C1863688,0060236
C1838625,0060237
C1832390,0060238
C0175697,0060239
C1834339,0060239
C1848862,0060241
C3280146,0060241
C0038131,0060243
C3489627,0060243
C1846431,0060247
C0796154,0060248
C0036439,0060249
C0265301,0060251
C0265205,0060254
C1853698,0060255
C0406811,0060256
C3714534,0060256
C0406775,0060257
C0406811,0060258
C0005745,0060260
C0266573,0060261
C0302892,0060263
C1867983,0060263
C0266468,0060264
C1848526,0060267
C2676466,0060268
C2676465,0060269
C1842687,0060272
C1856974,0060273
C1857762,0060274
C1969084,0060275
C1864851,0060280
C0266568,0060282
C0019050,0060284
C0024790,0060284
C0086774,0060284
C1868598,0060285
C1863557,0060290
C0812437,0060291
C1832409,0060294
C0267662,0060296
C0344530,0060305
C1868684,0060306
C0026363,0060316
C0029294,0060316
C1510460,0060316
C0023487,0060318
C0018790,0060319
C0795690,0060321
C1306503,0060321
C0025312,0060326
C0086664,0060326
C0795690,0060327
C1306503,0060327
C1836033,0060337
C1850625,0060346
C1855840,0060348
C1835265,0060349
C1861451,0060354
C1855772,0060356
C0795956,0060357
C0268596,0060358
C1856401,0060358
C1856403,0060358
C1856405,0060358
C0340834,0060366
C0406726,0060373
C0406727,0060374
C1868118,0060375
C2745997,0060376
C0796102,0060382
C1860119,0060383
C0024145,0060386
C1859148,0060387
C1842870,0060410
C0268647,0060439
C1275685,0060444
C1562113,0060448
C0339273,0060449
C0339277,0060451
C0271287,0060456
C0432242,0060462
C1707291,0060463
C0399440,0060466
C0265264,0060468
C0265219,0060469
C0796004,0060473
C1836123,0060481
C2748572,0060484
C1970431,0060488
C0877024,0060490
C1838979,0060536
C1319466,0060549
C1860224,0060550
C1847640,0060556
C1854664,0060559
C0796137,0060565
C1857663,0060589
C1292772,0060597
C1608393,0060610
C1866994,0060614
C1865349,0060640
C0566602,0060643
C1838654,0060644
C1857253,0060650
C0079154,0060655
C0271829,0060744
C0406585,0060762
C3164344,0060785
C1846058,0060799
C0796254,0060800
C1846278,0060801
C1846055,0060812
C1839735,0060815
C0796022,0060821
C1846130,0060825
C1859194,0060832
C1868679,0060833
C1836573,0060834
C0266526,0060844
C0265309,0060847
C0030809,0060851
C1836876,0060852
C2931246,0060853
C0268436,0060854
C1449843,0060855
C0338503,0060857
C0013338,0060870
C0432306,0060877
C2931121,0060881
C0432268,0060886
C0796089,0060902
C3280283,0070039
C2673885,0070121
C2750804,0070139
C0268354,0070143
C0268351,0070144
C0432336,0070144
C0002768,0070145
C0020075,0070145
C0020074,0070146
C0020072,0070161
C0270914,0070161
C0020071,0070162
C1720860,0070202
C1720861,0070204
C1720859,0070207
C1704423,0070212
C0268312,0070221
C3489789,0070222
C1865643,0070223
C2931008,0070253
C1853736,0070254
C0398739,0070255
C2931009,0070256
C2931010,0070257
C1970344,0070258
C2931011,0070259
C1970021,0070260
C1846843,0070299
C1847593,0070300
C1838280,0070303
C1843042,0070307
C0279607,0070328
C0878773,0070355
C0080178,0080016
C0021847,0080072
C0205710,0080122
C0009402,0080199
C1865869,0080314
C1858854,0080315
C1858854,0080316
C0949658,0080326
C0403399,0080390
C0795949,0080694
C1833373,0080718
C1853926,0080718
C0349604,0080842
C1850318,0080844
C2750355,0080845
C0700367,0080903
C0023479,0081082
C0026998,0081086
C1879321,0081087
C0023473,0081088
C0079772,0081312
C0017920,0081329
C0342907,0090019
C0265554,0090020
C0265554,0090022
C0265554,0090023
C0265554,0090025
C0265554,0090026
C0265554,0090027
C1848533,0090028
C0878676,0090106
C1857316,0090112
C0342287,0090117
C1327915,0090118
C0543669,0090120
C1291564,0090123
C1859721,0090124
C1859690,0090127
C0268616,0090142
C0342687,0090145
C0023931,0110334
C1263858,0110636
C2931845,0110734
C1853578,0110737
C1568248,0110829
C0085548,0110861
C3179239,0110938
C1847800,0110948
C1832702,0110965
C1300268,0110970
C1862103,0110970
C1853733,0111028
C1858664,0111030
C0272302,0111044
C0272302,0111049
C0796149,0111052
C1854023,0111065
C1858328,0111068
C1856127,0111069
C3151147,0111070
C1843116,0111071
C2931112,0111072
C1838244,0111078
C0020981,0111147
C0013581,0111148
C2746069,0111148
C1851286,0111150
C1854989,0111163
C1854988,0111164
C1854990,0111166
C0268468,0111168
C1848201,0111169
C1857355,0111180
C1833308,0111204
C3711384,0111206
C1970211,0111213
C1834558,0111217
C0410204,0111220
C0410203,0111225
C1862382,0111228
C0265287,0111243
C0543859,0111246
C1862170,0111247
C0265342,0111248
C0027831,0111253
C0948368,0111255
C1833213,0111256
C0268162,0111258
C0265257,0111259
C1970827,0111260
C3280314,0111263
C1859093,0111265
C0432255,0111266
C0268624,0111270
C2931746,0111270
C1848745,0111271
C1328349,0111273
C1838180,0111274
C1843851,0111276
C1969443,0111277
C1864723,0111329
C3276549,0111340
C1852222,0111341
C0406778,0111342
C1851573,0111345
C0432316,0111346
C1851100,0111350
C0729582,0111358
C1318558,0111359
C1842036,0111359
C2931042,0111362
C1840572,0111367
C0342883,0111369
C1840364,0111374
C1276035,0111375
C1840061,0111382
C1868581,0111382
C0086651,0111391
C0086652,0111392
C0086649,0111393
C0086648,0111394
C0086647,0111395
C0271933,0111397
C0271934,0111399
C3150926,0111400
C1306589,0111401
C0086650,0111402
C3495589,0111404
C1857276,0111414
C0268199,0111418
C1720779,0111418
C1833809,0111433
C0751779,0111444
C2673257,0111446
C4015420,0111447
C1864002,0111455
C1855663,0111456
C0751161,0111458
C0268151,0111459
C1836797,0111474
C1864840,0111486
C1857682,0111494
C1835672,0111505
C1835664,0111506
C0432269,0111507
C0265345,0111509
C2675014,0111526
C1834569,0111527
C0343111,0111528
C2931029,0111529
C0338502,0111531
C1833736,0111533
C2674705,0111534
C0265514,0111536
C1833661,0111537
C0221055,0111538
C0268532,0111540
C1868310,0111541
C1867801,0111544
C0342549,0111545
C1504412,0111545
C1531773,0111546
C0158667,0111549
C1867020,0111550
C0038505,0111563
C1861099,0111564
C0265333,0111565
C1860518,0111567
C0240912,0111568
C1860405,0111570
C0457013,0111571
C0272051,0111575
C0431401,0111578
C0221061,0111580
C0796095,0111581
C0398782,0111583
C0342791,0111585
C0796037,0111586
C1859305,0111587
C1857662,0111589
C0265223,0111590
C2931046,0111591
C0220668,0111595
C1846492,0111611
C1849094,0111612
C1853116,0111618
C1857572,0111620
C1857512,0111621
C1857423,0111625
C1291386,0111626
C0342803,0111629
C1283620,0111633
C1857069,0111647
C1644196,0111648
C1865951,0111655
C0162359,0111664
C1856972,0111666
C0268416,0111667
C0406740,0111668
C2745948,0111669
C0268164,0111670
C0268165,0111671
C3150878,0111672
C1300285,0111673
C1856718,0111677
C0342705,0111678
C0268609,0111679
C0268160,0111680
C1856603,0111681
C2931482,0111683
C1832588,0111687
C1832812,0111688
C1832950,0111697
C1833053,0111698
C1833136,0111699
C0406468,0111702
C2931837,0111703
C2931817,0111704
C3809877,0111715
C1852453,0111717
C0399376,0111721
C3489726,0111724
C1838779,0111732
C0398762,0111768
C1839454,0111768
C1839463,0111780
C0265251,0111783
C0025237,0111788
C1855305,0111789
C1859773,0111801
C1832440,0111803
C1864690,0111806
C1832661,0111807
C1839728,0111813
C1861355,0111818
C1839988,0111821
C0265267,0111822
C1844862,0111826
C1844934,0111827
C1845050,0111834
C1850627,0111842
C1846242,0111860
C1955934,0111866
C3151781,0111898
C0398626,0111901
C2751090,0111903
C2676759,0111904
C2674321,0111909
C2678045,0111931
C1970848,0111933
C3810053,0111935
C4014233,0111937
C4014617,0111938
C1857798,0111942
C4225328,0111951
C4014371,0111953
C3554686,0111957
C4539957,0111958
C4747743,0111959
C4748694,0111960
C4014833,0111961
C1864947,0111967
C2748557,0111970
C3810147,0111972
C3810107,0111973
C1856263,0111974
C2748568,0111976
C3809332,0111977
C4310656,0111979
C3554687,0111982
C4479588,0111983
C4748304,0111984
C4016741,0111985
C3808589,0111986
C3809768,0111987
C4013949,0111990
C4539811,0111992
C1845903,0111999
C4310819,0112002
C1842398,0112064
C1970173,0112072
C0398568,0112107
C1845202,0112121
C1845343,0112122
C1845987,0112128
C1848392,0112152
C0265201,0112158
C0406587,0112171
C1848534,0112173
C0268514,0112180
C1849011,0112196
C1842149,0112282
C1855229,0112298
C1865695,0112299
C0342543,0112308
C0018784,0010003
C0025267,0010017
C0041227,0010113
C0022578,0010126
C0013238,0010140
C0346627,0010155
C0154874,0010176
C0011633,0010223
C0023343,0001024
C0376358,0010283
C0030443,0001029
C0032273,0010316
C0003949,0010320
C0005138,0010322
C0037116,0010325
C0003165,0010327
C0023448,0001037
C1510479,0010383
C0023434,0001040
C0022738,0010426
C0023241,0010457
C0019569,0010487
C0003466,0010488
C0024623,0010534
C0028860,0001056
C0023522,0010581
C0034960,0010582
C0035334,0010584
C0220701,0010584
C0023521,0010587
C0162309,0010588
C0025362,0001059
C0007959,0010595
C0018609,0001060
C0007570,0010608
C0035579,0010609
C0015624,0001062
C0341703,0001062
C0026010,0010629
C0027707,0001063
C0043207,0010632
C2931187,0001064
C0002395,0010652
C0017612,0001067
C0339573,0001070
C0020544,0001073
C0035078,0001074
C0029882,0010754
C0020541,0010762
C0152264,0010780
C0025637,0010783
C0025322,0010787
C0038358,0010808
C0085580,0010825
C0242383,0010871
C0848558,0010892
C0025958,0010907
C0020255,0010908
C0002622,0010914
C0349464,0010915
C0002895,0010923
C0028768,0010933
C0041671,0001094
C0007766,0010941
C0027721,0010966
C0392550,0010969
C0017665,0010976
C0027706,0010983
C0002312,0001099
C0005684,0011054
C0005695,0011054
C0152018,0001107
C0006309,0011077
C0004045,0011088
C0034362,0011100
C0311338,0011105
C0020295,0011111
C0040517,0011119
C0947622,0011151
C0039075,0011193
C0012236,0011198
C0020626,0011199
C0029095,0011206
C0020302,0011212
C0002891,0011244
C0012739,0011247
C0085576,0011252
C0036202,0011335
C0347515,0001138
C0010417,0011383
C0035222,0011394
C0149940,0011446
C0029456,0011476
C0152427,0001148
C0220697,0001148
C0271686,0011503
C0016781,0011555
C0013364,0011589
C0032460,0011612
C0206081,0011613
C2940786,0011633
C0030804,0011656
C0155017,0011661
C0027719,0011664
C0020473,0001168
C0020476,0001168
C0162538,0011701
C0013374,0011702
C0020481,0001171
C0011859,0011712
C0011875,0011713
C0158981,0011717
C0270952,0011719
C0020480,0001172
C0017926,0011721
C0027126,0011722
C0013264,0011723
C0270972,0011725
C0410189,0011726
C0238288,0011727
C0701818,0011755
C0002884,0011759
C0271384,0011771
C0027092,0011830
C0270824,0011832
C0009081,0011836
C0010073,0011840
C0022336,0011949
C0014868,0011963
C0155299,0011975
C0028756,0011981
C0032897,0011983
C0007194,0011984
C0029455,0011991
C1384514,0012028
C0035372,0001206
C0040997,0012098
C0029134,0001210
C0155912,0012117
C0034050,0012120
C3495801,0012132
C0019069,0012134
C0013415,0012139
C0005697,0012143
C0009447,0012177
C0011311,0012205
C0019100,0012206
C0752347,0012217
C0008312,0012236
C0023892,0012236
C0005283,0012241
C0027947,0001227
C0009363,0012270
C0003076,0012271
C0036349,0001229
C0042170,0012297
C0042900,0012306
C0018179,0012318
C0029434,0012347
C0018213,0012361
C0024530,0012365
C0152109,0012376
C0026847,0012377
C0085417,0012382
C0162283,0012387
C0030662,0012399
C0023418,0001240
C0021776,0012401
C0002874,0012449
C0030312,0012450
C0020503,0012466
C0004681,0012522
C0154748,0012528
C0019147,0012550
C0019061,0012554
C0022672,0012556
C0013261,0012557
C0162674,0012558
C0010314,0012580
C0220704,0012583
C0020437,0012678
C0027709,0012679
C0023267,0000127
C0039445,0001270
C0020514,0012700
C0016719,0012705
C0687120,0012712
C0013903,0012714
C0020192,0012716
C0026760,0012721
C0338480,0012783
C0026705,0012799
C0026709,0012800
C0026706,0012801
C0085132,0012803
C0026707,0012804
C0034372,0012835
C0004352,0012849
C0020179,0012858
C0086981,0012894
C1527336,0012894
C0022541,0012934
C0037889,0012971
C0001824,0012987
C0007282,0013001
C0031190,0013042
C0282492,0013096
C0026654,0013099
C0751895,0013100
C0017668,0001312
C0162739,0013133
C0043116,0013137
C0042164,0013141
C0155380,0013174
C0018099,0013189
C0153633,0001319
C0750974,0001319
C0750979,0001319
C0004943,0013241
C0025472,0013252
C0162568,0013270
C0162530,0013271
C0267963,0013316
C0013720,0013359
C0085292,0013366
C0016037,0013374
C0026691,0013378
C0002876,0001338
C0002888,0013382
C0242225,0013399
C0019151,0013413
C0002018,0013417
C0949116,0001342
C0221060,0013501
C0029454,0013533
C0020502,0013543
C0152136,0013544
C0030569,0013548
C0017605,0013550
C0004030,0013564
C0008370,0013580
C0022354,0013603
C0005411,0013608
C0005398,0013619
C0016522,0013620
C0015625,0013636
C0206368,0013641
C0263859,0013677
C0399352,0013714
C0152227,0013757
C0029106,0013768
C0001403,0013774
C0014522,0013777
C0152093,0013781
C0007103,0001380
C0020474,0013809
C0020445,0013810
C0013274,0013832
C0000744,0001386
C0020594,0013868
C0037052,0013884
C0152025,0001389
C0205874,0000139
C0155016,0013909
C0023195,0001391
C0155015,0013910
C0152200,0013911
C0155018,0013912
C0341106,0013922
C0022906,0013929
C0751587,0013945
C0282488,0013949
C0162872,0014004
C0023891,0014018
C0024535,0014067
C1260386,0014080
C0600327,0014115
C0023817,0014118
C0018425,0001415
C0549423,0014159
C0162539,0014176
C0263666,0014203
C0020630,0014213
C0220743,0014213
C3495551,0014218
C0524620,0014221
C0004509,0014227
C0028960,0014228
C0013080,0014250
C0016667,0014261
C0006849,0014262
C0270851,0014264
C0008313,0014268
C0029411,0014283
C0013481,0014289
C0175704,0014291
C0024796,0014323
C0030567,0014330
C0342788,0014365
C0024408,0001440
C0393851,0014402
C0087012,0001441
C0018051,0014447
C0018054,0014448
C0949595,0014450
C0238357,0014451
C0238358,0014452
C0043208,0014497
C0023795,0014498
C0002986,0014499
C0016788,0014500
C0037231,0014501
C0008384,0014502
C0027877,0014503
C0152171,0014557
C0020676,0001459
C0220659,0014669
C0220744,0014671
C0220708,0014679
C0175693,0014681
C0220726,0014687
C0175694,0014692
C0162361,0014693
C0175692,0014694
C0268155,0014695
C0175703,0014699
C0024517,0001470
C0154409,0001470
C0268579,0014701
C2717876,0014701
C0265234,0014702
C0220769,0014711
C0175709,0014717
C0268335,0014720
C0220693,0014725
C0019243,0014735
C0220767,0014737
C0031106,0001474
C0432233,0014743
C0175695,0014748
C0268575,0014753
C0268547,0014755
C0175700,0014762
C0220748,0014773
C0268342,0014775
C0220669,0014777
C0220663,0014778
C0220687,0014780
C0339527,0014791
C0162359,0014793
C0175691,0014796
C0010674,0001485
C0013502,0001496
C0006840,0001508
C0699790,0001520
C0687150,0001540
C0157743,0001554
C0020258,0001572
C0009451,0001573
C0085762,0001574
C0748540,0001577
C0011573,0001595
C0041696,0001595
C0011570,0001596
C0006142,0001612
C0600040,0001678
C0017601,0001686
C0079584,0001702
C0010474,0001724
C0013295,0001724
C0035328,0001727
C0033937,0001742
C0007137,0001749
C0040136,0001781
C0031046,0001787
C0345967,0001790
C0030297,0001793
C1328479,0001798
C0206695,0001800
C0038220,0001824
C0014553,0001825
C0014544,0001826
C0014548,0001827
C0006870,0001849
C0008372,0001852
C0008029,0001856
C0019196,0001883
C0025202,0001909
C0023374,0001919
C0740394,0001920
C0020619,0001924
C0265338,0001925
C0017205,0001926
C0175702,0001928
C0023138,0001930
C0162635,0001932
C0752166,0001935
C0004153,0001936
C0008325,0001949
C0023269,0001967
C0007113,0001993
C0020459,0002018
C0019163,0002043
C0241910,0002048
C0006845,0002058
C0015306,0000206
C0027127,0002106
C0016395,0002120
C0013575,0002121
C0027708,0002154
C0002452,0002187
C0007102,0000219
C0015530,0002211
C0015503,0002215
C0005129,0002217
C0032197,0002223
C0040028,0002224
C1292778,0002226
C0836924,0002228
C0015523,0002229
C0015526,0002231
C0014547,0002234
C0001733,0002236
C0019189,0002237
C0149519,0002237
C0007787,0000224
C0700345,0002272
C0162836,0002280
C0154682,0000230
C0085084,0000231
C0007786,0002316
C0338106,0000234
C0010278,0002340
C0004153,0002348
C0003850,0002349
C0018995,0002352
C0002871,0002355
C0002886,0002361
C0013902,0002373
C0026769,0002377
C0043121,0002384
C0919267,0002394
C1140680,0002394
C0001206,0002449
C0398623,0002452
C0037773,0002476
C0699739,0002491
C0267211,0002493
C0039263,0002508
C0004779,0002512
C0007117,0002513
C0007112,0002526
C0027720,0002527
C0282512,0002538
C0085700,0002557
C0524662,0002559
C0026552,0002560
C0024439,0002565
C0010035,0002566
C0282529,0002580
C0008445,0002581
C0001768,0002583
C0086438,0002583
C3501848,0002590
C0007107,0002596
C0023055,0002598
C0030354,0002615
C0205875,0002615
C0022665,0000263
C0740457,0000263
C0018922,0000264
C0025500,0002645
C0008441,0002649
C0007138,0002671
C1266177,0002679
C0023601,0002696
C0037050,0002710
C0005859,0002717
C0001197,0002722
C0011603,0002723
C0265965,0002729
C0014527,0002730
C0022595,0002734
C0917990,0002736
C0033847,0002738
C0017551,0002739
C0017924,0002746
C0017922,0002748
C0017923,0002750
C0017921,0002752
C0017925,0002754
C0040702,0002768
C0040188,0002769
C0162823,0002772
C0011616,0002773
C0010964,0002785
C0085786,0002797
C0004096,0002841
C0022387,0002842
C0023976,0002843
C0020551,0002855
C0002882,0002861
C1153706,0002870
C0206687,0002871
C0476089,0002871
C0280324,0002876
C0520477,0002883
C0014175,0000289
C0151468,0002891
C0265240,0002907
C0242387,0002908
C0017662,0002920
C0017658,0002921
C0022739,0002926
C0007965,0002935
C0041327,0002957
C0009207,0002962
C0022679,0002975
C0020500,0002977
C0020501,0002977
C0017661,0002986
C0085278,0002988
C0205851,0002994
C0153594,0002998
C0018206,0002999
C0334401,0002999
C1176475,0003007
C1134719,0003008
C0007130,0003030
C0162820,0003042
C1368683,0000305
C0017636,0003068
C0004114,0003069
C0750935,0003069
C0017638,0003070
C0555198,0003070
C0206726,0003071
C0334588,0003074
C0334579,0003078
C0014550,0000308
C0206620,0003081
C0024117,0003083
C0162672,0000310
C0206744,0003109
C0685938,0003119
C0016978,0003121
C0153452,0003121
C0162566,0003132
C0015456,0003134
C0010495,0003144
C0020479,0003145
C0022283,0003156
C0205650,0003172
C0751396,0003181
C0280475,0003183
C0279070,0003186
C0206157,0003191
C0027809,0003192
C0751689,0003193
C1335929,0003204
C0079301,0003209
C0205711,0003210
C0280803,0003234
C0206656,0003246
C0035412,0003247
C1968689,0003261
C2936739,0003261
C0080024,0003263
C0040100,0003275
C0205969,0003284
C0008487,0003302
C0011615,0003310
C0005586,0003312
C0005587,0003312
C0024713,0003312
C0023798,0003315
C0002736,0000332
C0039373,0003320
C0036161,0003323
C0014556,0003328
C0376532,0003329
C0085541,0003331
C0026697,0003343
C0043325,0003345
C0029463,0003347
C0016057,0003355
C0010051,0003362
C0553580,0003369
C0008479,0003371
C0023827,0003382
C0030360,0003389
C0022596,0003390
C0010054,0003393
C0010068,0003393
C0151744,0003393
C0019618,0003405
C0007274,0003410
C0024748,0003413
C0238190,0003429
C0751955,0003454
C0206692,0003457
C0858252,0003458
C0678222,0003459
C0028326,0003490
C1335302,0003498
C0024899,0000350
C0206729,0003512
C0043019,0003522
C0740392,0003525
C0007785,0003526
C0751783,0003534
C0751785,0003535
C0025286,0003565
C0345904,0003571
C0887833,0003587
C0020217,0003590
C1335167,0003606
C1334807,0003610
C0035333,0003612
C0206307,0003613
C0162809,0003614
C0206632,0003616
C0003486,0003627
C0741160,0003627
C0153567,0000363
C4048196,0003633
C0751882,0003635
C0014008,0003642
C0034345,0003649
C0034341,0003651
C0023264,0003652
C0342853,0003659
C0206743,0003672
C0085269,0003677
C0162671,0003687
C0221759,0003689
C0948216,0003713
C0278701,0003717
C0279626,0003748
C0079504,0003753
C0272375,0003755
C0398625,0003756
C0268237,0003762
C0019269,0003763
C0033804,0003765
C0034069,0003770
C1334271,0003772
C0162839,0003805
C0265970,0003805
C0162824,0003818
C0043202,0000384
C0031269,0003852
C0205833,0003861
C0278876,0003864
C1275668,0003868
C0278510,0003869
C1333990,0003883
C0162565,0003890
C0684249,0003905
C0149782,0003907
C0007131,0003908
C0152013,0003910
C0033300,0003911
C0221406,0003946
C0206686,0003948
C0750887,0003953
C0206682,0003962
C0549473,0003963
C0238463,0003969
C0007196,0000397
C0018523,0003981
C0699885,0004007
C0205697,0004015
C0023743,0004023
C0206655,0004051
C1334261,0004141
C0011436,0004154
C0007114,0004159
C0036421,0000418
C0011644,0000419
C0079102,0004193
C0752143,0004193
C0020456,0004195
C0020555,0000420
C0751886,0004203
C0431121,0004210
C1565950,0004211
C0752282,0000422
C0206630,0004226
C0206651,0004233
C0205945,0004235
C0007140,0004236
C0206657,0004239
C0242231,0004248
C0025239,0004253
C0029464,0004254
C0031900,0004258
C0206638,0004305
C0162532,0004346
C0007873,0004362
C0342488,0004367
C0026896,0000437
C0030246,0004398
C0028796,0004404
C0206644,0004415
C0002991,0004418
C0476254,0004428
C1333813,0004438
C0036631,0004440
C0024440,0004447
C0271051,0004449
C0004775,0000445
C0007134,0004450
C1378703,0004451
C0010481,0000446
C0020428,0000446
C1266044,0004464
C1306837,0004465
C0279702,0004467
C1266042,0004471
C1266043,0004473
C0033805,0004479
C0035455,0004483
C0029294,0004501
C0020678,0004535
C0002624,0004543
C1275278,0004549
C0206704,0004552
C0345958,0004556
C1333989,0004586
C0281784,0004587
C1384406,0004588
C1384408,0004594
C0079153,0004603
C0005426,0004607
C0750952,0004607
C0079541,0004621
C0020225,0004626
C0079298,0004644
C0041948,0004676
C0751691,0004697
C0270733,0004751
C1332965,0004773
C0002985,0000479
C0334596,0004790
C0268275,0004795
C1301365,0004797
C0238052,0004810
C0014474,0004844
C1519086,0004845
C0334583,0004851
C0010606,0004866
C0154681,0004873
C0334488,0004880
C0270853,0004890
C0740277,0004897
C0205644,0004903
C0235974,0004905
C0279628,0004914
C0007120,0004926
C0345905,0004928
C0205645,0004929
C0206698,0004947
C0032371,0004953
C0079294,0004959
C0011579,0004964
C0282126,0004964
C0001815,0004971
C0026987,0004971
C0279980,0004985
C0030305,0004989
C0270736,0004990
C0011989,0004997
C0023003,0004998
C0334287,0005015
C0025229,0005052
C0031391,0005062
C0205769,0005075
C0259783,0005076
C0205768,0005077
C0023890,0005082
C0346191,0005172
C0016756,0005204
C0270922,0005214
C0162569,0005230
C0205815,0005264
C0205816,0005268
C0005747,0000529
C1518693,0005304
C0392475,0005325
C0035305,0005327
C0017567,0005338
C0206711,0005374
C1510502,0005389
C0033375,0005394
C0205648,0005403
C0029401,0005408
C0149925,0005409
C0262584,0005411
C0036337,0005418
C0036341,0005419
C0085083,0005425
C0085215,0005426
C0036457,0005434
C0034091,0005453
C0039101,0005485
C1384403,0005500
C0334578,0005505
C0699791,0005517
C0032285,0000552
C1168401,0005520
C1336708,0005557
C0153504,0005559
C0004903,0005572
C0023492,0005603
C0751606,0005604
C0205643,0005675
C0677776,0005683
C0043119,0005688
C1370889,0005690
C0234398,0005691
C0003504,0000057
C0205825,0005702
C0338078,0005715
C0029124,0005723
C1335177,0005744
C1332140,0005768
C0242583,0005812
C0268125,0005813
C0346163,0005828
C0002878,0000583
C0036631,0005842
C0027051,0005844
C0002881,0000589
C0030319,0000594
C0751690,0005940
C0018801,0006000
C0018802,0006000
C0220633,0006039
C0751303,0006114
C0024312,0000614
C0023530,0000615
C0205944,0006193
C1260873,0000062
C0205647,0006204
C0346255,0006245
C0346302,0006255
C0085110,0000627
C0346303,0006275
C0027121,0000633
C0013069,0006406
C0039685,0006419
C0346388,0006438
C0018553,0006457
C0702166,0006543
C0334608,0006548
C0346402,0000660
C0272236,0006620
C0406735,0006678
C0027122,0000668
C0175701,0006683
C1328840,0006688
C0334582,0006726
C0008925,0000674
C0038868,0000678
C0030442,0000681
C0280783,0006811
C2239176,0000684
C0751304,0006869
C0206624,0000687
C0027654,0000688
C0011351,0000693
C0346373,0006994
C1306214,0007004
C0334581,0007005
C0338070,0007007
C0334580,0007008
C0917796,0000705
C0349633,0000713
C0038013,0007147
C0003873,0007148
C0002880,0000718
C0920350,0007188
C1333985,0007192
C0334607,0007210
C0334606,0007211
C0334605,0007212
C0334611,0007213
C0410005,0007327
C0751675,0007398
C0003175,0007427
C0012813,0007475
C0030920,0000750
C0037221,0000758
C0262587,0007608
C0027819,0000769
C0162871,0007693
C0014549,0007725
C0154832,0007765
C0022661,0000784
C0280793,0007912
C0042345,0000799
C0020550,0007998
C3714618,0007998
C1335107,0008057
C0009171,0000809
C0023787,0000811
C0749424,0008161
C0027059,0000820
C0031099,0000824
C0032461,0008432
C0021843,0008437
C0030446,0008442
C0035528,0008454
C0152439,0008465
C0021400,0008469
C0003864,0000848
C1306122,0008498
C0028077,0008499
C0017168,0008534
C0024302,0008538
C0036920,0008541
C1266194,0008543
C0024591,0008545
C0023473,0008552
C0085652,0008553
C0220754,0000856
C0019829,0008567
C0009324,0008577
C0006413,0008584
C0268581,0000859
C0023466,0008593
C0152267,0008628
C0153349,0008649
C0042384,0000865
C0152266,0008654
C0520459,0008677
C0023470,0008692
C0011269,0008725
C0023462,0008761
C0156147,0008778
C0002965,0008805
C0152268,0008838
C0409974,0008857
C0023465,0008864
C0027873,0008869
C0033860,0008893
C0162666,0000890
C0751778,0000891
C0151779,0008923
C0398650,0008924
C0751265,0008927
C0019202,0000893
C0272126,0008931
C0011884,0008947
C0002896,0008955
C0027404,0008986
C0008340,0000899
C0851140,0008991
C0032463,0008997
C0038644,0009007
C0003872,0009008
C0043459,0000905
C0154091,0009053
C0023281,0009065
C0024141,0009074
C0030491,0009088
C0154059,0009095
C0023467,0009119
C0002726,0009120
C0154060,0009138
C0030781,0000914
C0023290,0009146
C0014848,0009164
C0043194,0009169
C0004763,0009206
C0032027,0009212
C0014804,0009240
C0432198,0009249
C0796147,0009250
C0079661,0009258
C1847800,0009258
C3266898,0009258
C0238301,0009261
C0019880,0009263
C0010691,0009266
C0751748,0009268
C0024776,0009269
C0002066,0009270
C0268542,0009271
C0175683,0009273
C0268553,0009274
C0268483,0009275
C0033132,0009277
C0598608,0009279
C0751753,0009280
C0085547,0009281
C0028840,0009282
C0008924,0009296
C0011860,0009352
C0020635,0009406
C0242343,0009410
C0151740,0009428
C0008311,0009446
C0015695,0009452
C0023794,0009455
C0027341,0009467
C0025289,0009471
C0034065,0009477
C0221074,0009478
C0006868,0009505
C0024809,0009505
C0026764,0009538
C0006267,0009563
C0011813,0009565
C0008297,0009574
C0014038,0009588
C0027830,0000962
C0042580,0009620
C1720189,0000963
C0700501,0009649
C0028738,0009650
C0242852,0009719
C0011854,0009744
C0206146,0009767
C1135196,0009775
C0022104,0009778
C0344297,0000980
C0031036,0009810
C0008525,0009821
C0158761,0009827
C0025281,0009849
C0152115,0009854
C0002171,0000986
C0016751,0009869
C0002170,0000987
C0016952,0009870
C0026267,0000988
C0026850,0009884
C0600298,0009893
C0011757,0009923
C0023449,0009952
C0152101,0009955
C0028754,0009970
C0600427,0009975
C0019337,0009976
C0014457,0000999
C0020615,0009993
C4511003,0070630
C0003123,0000523
C3553961,0070615
C3554534,0080358
C4225154,0080359
C4225304,0080360
C4551552,0070556
C2750234,0070557
C2750509,0070558
C3150701,0060398
C3150154,0070515
C2936783,0070271
C0268186,0070563
C1848336,0081453
C1845167,0081454
C1838359,0111707
C0394006,0050997
C4310633,0060936
C1849508,0080768
C0015544,0000465
C3495427,0070562
C0009952,0000595
C0018524,0000607
C0268601,0070541
C1720956,0060758
C1720957,0060023
C1720958,0060759
C0272236,0080544
C1855923,0070431
C4551502,0070433
C4757950,0111143
C1721006,0080223
C1855644,0060862
C4552100,0003883
C4225388,0070542
C4310814,0070538
C4225391,0070540
C4540086,0070474
C1969623,0070484
C1833308,0111203
C0730294,0070439
C4015202,0070554
C3810072,0070555
C1833030,0050428
C4747991,0070490
C1849193,0060283
C1853354,0070521
C4225381,0070526
C1864851,0070547
C1970203,0070511
C4304832,0060280
C0265227,0070509
C4225254,0070537
C0039621,0000619
C1832916,0060173
C0268118,0070452
C1863688,0070453
