HPOID,id
0000303,0
0001609,1
0000076,2
0010864,3
0000083,4
0000873,5
0000433,6
0012735,7
0002045,8
0000953,9
0012219,10
0000501,11
0001249,12
0000520,13
0000975,14
0002076,15
0002105,16
0012103,17
0000091,18
0002342,19
0000407,20
0001260,21
0002360,22
0100016,23
0003198,24
0000967,25
0000252,26
0001903,27
0002719,28
0001626,29
0002067,30
0002063,31
0002527,32
0012115,33
0010638,34
0100869,35
0001252,36
0100022,37
0000752,38
0010849,39
0000718,40
0011971,41
0002908,42
0001262,43
0000822,44
0002027,45
0200034,46
0000989,47
0001974,48
0001058,49
0011220,50
0005692,51
0001595,52
0002757,53
0000938,54
0100750,55
0001880,56
0001363,57
0001103,58
0000682,59
0100543,60
0005640,61
0100710,62
0008479,63
0002607,64
0030680,65
0000202,66
0002023,67
0001762,68
0000062,69
0000086,70
0002308,71
0002089,72
0000921,73
0100027,74
0000819,75
0003355,76
0003010,77
0011039,78
0007565,79
0002637,80
0007663,81
0000662,82
0000545,83
0000529,84
0000280,85
0000154,86
0000465,87
0000431,88
0003196,89
0006101,90
0001539,91
0000776,92
0002170,93
0000772,94
0009829,95
0006532,96
0001136,97
0002353,98
0003251,99
0002230,100
0002155,101
0000845,102
0000336,103
0001394,104
0000648,105
0000505,106
0000535,107
0000982,108
0001263,109
0006487,110
0004209,111
0000272,112
0000568,113
0007452,114
0000175,115
0001537,116
0007833,117
0000582,118
0000343,119
0006610,120
0000013,121
0002120,122
0012745,123
0002263,124
0000347,125
0007018,126
0000275,127
0001166,128
0000738,129
0100585,130
0000934,131
0002216,132
0100578,133
0002209,134
0009726,135
0000196,136
0000316,137
0004322,138
0002650,139
0003006,140
0001480,141
0004414,142
0001003,143
0004306,144
0012732,145
0000486,146
0009601,147
0006459,148
0002857,149
0001156,150
0005736,151
0001511,152
0000047,153
0100589,154
0000269,155
0000023,156
0000044,157
0004397,158
0000689,159
0000368,160
0008572,161
0005280,162
0008736,163
0000046,164
0000218,165
0000003,166
0001376,167
0001582,168
0000037,169
0100026,170
0002817,171
0000969,172
0001269,173
0001052,174
0005293,175
0000798,176
0007392,177
0010720,178
0006695,179
0001161,180
0002205,181
0002269,182
0003272,183
0000835,184
0003974,185
0000846,186
0001631,187
0001274,188
0000767,189
0000389,190
0000463,191
0007703,192
0000256,193
0008155,194
0001250,195
0001999,196
0000504,197
0001387,198
0002829,199
0005264,200
0001640,201
0000943,202
0005528,203
0002015,204
0005789,205
0001048,206
0002808,207
0001824,208
0200020,209
0001498,210
0002240,211
0009092,212
0007759,213
0100679,214
0001350,215
0000768,216
0001251,217
0010729,218
0002750,219
0001337,220
0002652,221
0001744,222
0007957,223
0004345,224
0000512,225
0000232,226
0001840,227
0030183,228
0010873,229
0001324,230
0002613,231
0003401,232
0000739,233
0000508,234
0000093,235
0001012,236
0003457,237
0001733,238
0003200,239
0001508,240
0000337,241
0000609,242
0002486,243
0001945,244
0001369,245
0011675,246
0001080,247
0001407,248
0000400,249
0011611,250
0000632,251
0000396,252
0000126,253
0002553,254
0002992,255
0001257,256
0030195,257
0000627,258
0007302,259
0000717,260
0001660,261
0000130,262
0002960,263
0002619,264
0000286,265
0000385,266
0002999,267
0002099,268
0000765,269
0000829,270
0001629,271
0003326,272
0001873,273
0002101,274
0001636,275
0000836,276
0000028,277
0000405,278
0001081,279
0000414,280
0100765,281
0002566,282
0012303,283
0100753,284
0001601,285
0001561,286
0001513,287
0011496,288
0001061,289
0000113,290
0001643,291
0000670,292
0000322,293
0000778,294
0000470,295
0001328,296
0000821,297
0002901,298
0000160,299
0001641,300
0000518,301
0001051,302
0004870,303
0001935,304
0000704,305
0000639,306
0100512,307
0000189,308
0000027,309
0100522,310
0008208,311
0002044,312
0000276,313
0003564,314
0000716,315
0002653,316
0002312,317
0006554,318
0000610,319
0000491,320
0000225,321
0002248,322
0002573,323
0000246,324
0002019,325
0002253,326
0200021,327
0001658,328
0000147,329
0001231,330
0000691,331
0001647,332
0001297,333
0002623,334
0000125,335
0000826,336
0000089,337
0000075,338
0001028,339
0001558,340
0001171,341
0001332,342
0000708,343
0001997,344
0001100,345
0002779,346
0000574,347
0001258,348
0001063,349
0010481,350
0001763,351
0006824,352
0000912,353
0002435,354
0001371,355
0002902,356
0003712,357
0001635,358
0002047,359
0002983,360
0008056,361
0003307,362
0008734,363
0000293,364
0010508,365
0001618,366
0100612,367
0008434,368
0003042,369
0000889,370
0000592,371
0002203,372
0000074,373
0000402,374
0100761,375
0004936,376
0100784,377
0002204,378
0001409,379
0012126,380
0002013,381
0100273,382
0100833,383
0100669,384
0001933,385
0004337,386
0000646,387
0000576,388
0100716,389
0000615,390
0002376,391
0100639,392
0007676,393
0007939,394
0002007,395
0011987,396
0001596,397
0000238,398
0004408,399
0000995,400
0011800,401
0000494,402
0000771,403
0008872,404
0001088,405
0002021,406
0010655,407
0000944,408
0000618,409
0000978,410
0000421,411
0200042,412
0002721,413
0002665,414
0007730,415
0012062,416
0004313,417
0010306,418
0006482,419
0001305,420
0001562,421
0100732,422
0001747,423
0001737,424
0001241,425
0006703,426
0011362,427
0000072,428
0000039,429
0005216,430
0002791,431
0002058,432
0009804,433
0000925,434
0011386,435
0000643,436
0000278,437
0009795,438
0000561,439
0001770,440
0200055,441
0100779,442
0000033,443
0003202,444
0000762,445
0200037,446
0000164,447
0005108,448
0009239,449
0002079,450
0012056,451
0005600,452
0004887,453
0001288,454
0000573,455
0005815,456
0000684,457
0004380,458
0001597,459
0000364,460
0005645,461
0010535,462
0100540,463
0000239,464
0000122,465
0000413,466
0100840,467
0000327,468
0005435,469
0003218,470
0007360,471
0001169,472
0000750,473
0005607,474
0000482,475
0002167,476
0100729,477
0007328,478
0001634,479
0004283,480
0001875,481
0001135,482
0000962,483
0100825,484
0000602,485
0000789,486
0040171,487
0003376,488
0010783,489
0002850,490
0001883,491
0001181,492
0100627,493
0000679,494
0008066,495
0000534,496
0002575,497
0000365,498
0001278,499
0001773,500
0000964,501
0000176,502
0000270,503
0001852,504
0002035,505
0008897,506
0003311,507
0009886,508
0003607,509
0000490,510
0100490,511
0002093,512
0000112,513
0002777,514
0003173,515
0005930,516
0003175,517
0001642,518
0002104,519
0000411,520
0001804,521
0005406,522
0002213,523
0004374,524
0002997,525
0100783,526
0005522,527
0100542,528
0000340,529
0008678,530
0003022,531
0001882,532
0001679,533
0010293,534
0008064,535
0005562,536
0002119,537
0002970,538
0000729,539
0005306,540
0002673,541
0000348,542
0001928,543
0011304,544
0003422,545
0007256,546
0003124,547
0000787,548
0000616,549
0001701,550
0002113,551
0000737,552
0100758,553
0001531,554
0007894,555
0003236,556
0000842,557
0001382,558
0002474,559
0002910,560
0001290,561
0002354,562
0001847,563
0000864,564
0002633,565
0011227,566
0001287,567
0002955,568
0006510,569
0000878,570
0001644,571
0003281,572
0001373,573
0001386,574
0000963,575
0000233,576
0100626,577
0000124,578
0001738,579
0000540,580
0000506,581
0002211,582
0012110,583
0000601,584
0012815,585
0010296,586
0000637,587
0010059,588
0000474,589
0002815,590
0001070,591
0003103,592
0002231,593
0009743,594
0010751,595
0007776,596
0000705,597
0010001,598
0000221,599
0001818,600
0000055,601
0002006,602
0002020,603
0010807,604
0011098,605
0002916,606
0000581,607
0003270,608
0001645,609
0003737,610
0000325,611
0010880,612
0002859,613
0001360,614
0001682,615
0001830,616
0001522,617
0003275,618
0003700,619
0000625,620
0008391,621
0001842,622
0002823,623
0007598,624
0002827,625
0009778,626
0000664,627
0001182,628
0100530,629
0100613,630
0002229,631
0002714,632
0006887,633
0002514,634
0000135,635
0000161,636
0000430,637
0001519,638
0008606,639
0007065,640
0001107,641
0000248,642
0000194,643
0000268,644
0000774,645
0010781,646
0003312,647
0001315,648
0000551,649
0004502,650
0000588,651
0000369,652
0005248,653
0009775,654
0011344,655
0000992,656
0100593,657
0003072,658
0008848,659
0009701,660
0002148,661
0001131,662
0005791,663
0003063,664
0001639,665
0001233,666
0001004,667
0000174,668
0001724,669
0000324,670
0008065,671
0000308,672
0001876,673
0003220,674
0000608,675
0006297,676
0009928,677
0100658,678
0000786,679
0002186,680
0008046,681
0002937,682
0000589,683
0009237,684
0002905,685
0002072,686
0009830,687
0008955,688
0001199,689
0000526,690
0007146,691
0001892,692
0030890,693
0002804,694
0011968,695
0001800,696
0000020,697
0010761,698
0000187,699
0000453,700
0000958,701
0000199,702
0001056,703
0000191,704
0001831,705
0001829,706
0009055,707
0000987,708
0100838,709
0006768,710
0001320,711
0007370,712
0001162,713
0000807,714
0030010,715
0000698,716
0012746,717
0200043,718
0001019,719
0000656,720
0005288,721
0001651,722
0000100,723
0005019,724
0002667,725
0002812,726
0001482,727
0000370,728
0001000,729
0002615,730
0200129,731
0001083,732
0001608,733
0001671,734
0001620,735
0001965,736
0008070,737
0100806,738
0010477,739
0002224,740
0004319,741
0002728,742
0001053,743
0001256,744
0004348,745
0010579,746
0008209,747
0009800,748
0001600,749
0100569,750
0000968,751
0012397,752
0011107,753
0000467,754
0001123,755
0002381,756
0001992,757
0000509,758
0000823,759
0100534,760
0100659,761
0011869,762
0001908,763
0004570,764
0003691,765
0000319,766
0000446,767
0001357,768
0040189,769
0001552,770
0001284,771
0008069,772
0002251,773
0001152,774
0001268,775
0000212,776
0006829,777
0010741,778
0007366,779
0002132,780
0002758,781
0005181,782
0000678,783
0001657,784
0008197,785
0002753,786
0004417,787
0002136,788
0001097,789
0008214,790
0008151,791
0001397,792
0007427,793
0003418,794
0001276,795
0010464,796
0002084,797
0100660,798
0000488,799
0008665,800
0000965,801
0000647,802
0000171,803
0005599,804
0001163,805
0009832,806
0000444,807
0000457,808
0001732,809
0001638,810
0001888,811
0002090,812
0000200,813
0002863,814
0011974,815
0000016,816
0004372,817
0005111,818
0100645,819
0011883,820
0008028,821
0001139,822
0000649,823
0008167,824
0010571,825
0000510,826
0011343,827
0003565,828
0002017,829
0000098,830
0000802,831
0012378,832
0000141,833
0001541,834
0001392,835
0003155,836
0002172,837
0008358,838
0003319,839
0003158,840
0003552,841
0002621,842
0003635,843
0001985,844
0001336,845
0002075,846
0002189,847
0000980,848
0002092,849
0008499,850
0000572,851
0001904,852
0000458,853
0000054,854
0001029,855
0002071,856
0005315,857
0001697,858
0012113,859
0006725,860
0002671,861
0009896,862
0001406,863
0011467,864
0010882,865
0002078,866
0003324,867
0001919,868
0030166,869
0002639,870
0030242,871
0007260,872
0009027,873
0003547,874
0006251,875
0001987,876
0001510,877
0002193,878
0000496,879
0001034,880
0006323,881
0002290,882
0000833,883
0002579,884
0001138,885
0000799,886
0100258,887
0030005,888
0000837,889
0010034,890
0000426,891
0030018,892
0007750,893
0003134,894
0008278,895
0000966,896
0000445,897
0000926,898
0001680,899
0005716,900
0100240,901
0010808,902
0100615,903
0002860,904
0000320,905
0001006,906
0000455,907
0100711,908
0002039,909
0002321,910
0002315,911
0000448,912
0006538,913
0002748,914
0030757,915
0001075,916
0009803,917
0008800,918
0005484,919
0008153,920
0007340,921
0002917,922
0002445,923
0008936,924
0010702,925
0000528,926
0004326,927
0011001,928
0200039,929
0002659,930
0007457,931
0009042,932
0000855,933
0001677,934
0006308,935
0000230,936
0002797,937
0001698,938
0001971,939
0002953,940
0010885,941
0010512,942
0002014,943
0000952,944
0004395,945
0002028,946
0008494,947
0100792,948
0002094,949
0005141,950
0001581,951
0100820,952
0100244,953
0009745,954
0000613,955
0010515,956
0012032,957
0007502,958
0002232,959
0010609,960
0002097,961
0005366,962
0007499,963
0002716,964
0001943,965
0002313,966
0007435,967
0000307,968
0000053,969
0001396,970
0011830,971
0003077,972
0007707,973
0100255,974
0004334,975
0100877,976
0002595,977
0100545,978
0000010,979
0010484,980
0100541,981
0000541,982
0002586,983
0009839,984
0006710,985
0001870,986
0007390,987
0000773,988
0003762,989
0002655,990
0003943,991
0003097,992
0006640,993
0009888,994
0002920,995
0002684,996
0008730,997
0012041,998
0008163,999
0011105,1000
0000939,1001
0002900,1002
0000127,1003
0003154,1004
0011363,1005
0011106,1006
0000140,1007
0002225,1008
0006739,1009
0002745,1010
0002793,1011
0008404,1012
0001057,1013
0001810,1014
0002861,1015
0007443,1016
0007178,1017
0002301,1018
0001010,1019
0006511,1020
0001399,1021
0002024,1022
0001980,1023
0000709,1024
0010280,1025
0001402,1026
0010978,1027
0000078,1028
0002612,1029
0004375,1030
0006566,1031
0000391,1032
0000403,1033
0001989,1034
0003199,1035
0002066,1036
0002529,1037
0030084,1038
0000612,1039
0100625,1040
0008755,1041
0009773,1042
0009606,1043
0003774,1044
0001761,1045
0040129,1046
0010903,1047
0006977,1048
0002300,1049
0000711,1050
0030223,1051
0012658,1052
0002414,1053
0007371,1054
0006827,1055
0002141,1056
0002558,1057
0008221,1058
0002893,1059
0000473,1060
0003458,1061
0009618,1062
0008227,1063
0011458,1064
0002199,1065
0200025,1066
0008696,1067
0002574,1068
0002150,1069
0000857,1070
0002594,1071
0003683,1072
0004430,1073
0002459,1074
0011801,1075
0004756,1076
0002206,1077
0011024,1078
0100533,1079
0100735,1080
0002871,1081
0004420,1082
0001298,1083
0011195,1084
0007359,1085
0002521,1086
0003119,1087
0000163,1088
0002617,1089
0011354,1090
0001341,1091
0005214,1092
0000073,1093
0004510,1094
0001748,1095
0002884,1096
0002164,1097
0011739,1098
0004757,1099
0009777,1100
0006501,1101
0010311,1102
0012873,1103
0000677,1104
0006565,1105
0100760,1106
0007400,1107
0009623,1108
0002984,1109
0008873,1110
0010721,1111
0012246,1112
0003298,1113
0012385,1114
0010458,1115
0007993,1116
0000204,1117
0001291,1118
0005616,1119
0006709,1120
0001650,1121
0001702,1122
0000830,1123
0002571,1124
0012368,1125
0012401,1126
0010286,1127
0005247,1128
0008430,1129
0012492,1130
0001907,1131
0001654,1132
0003461,1133
0011276,1134
0011020,1135
0002103,1136
0009130,1137
0002070,1138
0100651,1139
0002578,1140
0002123,1141
0000008,1142
0010628,1143
0030196,1144
0000979,1145
0002357,1146
0001281,1147
0001646,1148
0001611,1149
0011662,1150
0002691,1151
0001891,1152
0003259,1153
0005518,1154
0001319,1155
0011527,1156
0002002,1157
0011760,1158
0200119,1159
0200032,1160
0000603,1161
0002488,1162
0001822,1163
0001310,1164
0005978,1165
0000485,1166
0010780,1167
0004381,1168
0008830,1169
0001177,1170
0000668,1171
0010554,1172
0005048,1173
0003468,1174
0010331,1175
0009465,1176
0007215,1177
0000298,1178
0000069,1179
0012544,1180
0000974,1181
0012240,1182
0012726,1183
0004452,1184
0002326,1185
0002239,1186
0002040,1187
0200125,1188
0002169,1189
0010803,1190
0009882,1191
0011989,1192
0010612,1193
0010610,1194
0000476,1195
0000384,1196
0000311,1197
0012736,1198
0009891,1199
0007513,1200
0000090,1201
0001696,1202
0010295,1203
0008921,1204
0002967,1205
0000190,1206
0001339,1207
0004325,1208
0001270,1209
0000158,1210
0002645,1211
0000162,1212
0011219,1213
0005701,1214
0000143,1215
0000722,1216
0007665,1217
0000051,1218
0000144,1219
0005212,1220
0000527,1221
0008398,1222
0000544,1223
0004050,1224
0000988,1225
0007850,1226
0100550,1227
0003416,1228
0006767,1229
0100786,1230
0001176,1231
0005105,1232
0008388,1233
0000260,1234
0002816,1235
0001769,1236
0100777,1237
0001942,1238
0004097,1239
0010489,1240
0001972,1241
0007141,1242
0004315,1243
0010669,1244
0007477,1245
0002585,1246
0005338,1247
0000262,1248
0002410,1249
0005110,1250
0011976,1251
0002890,1252
0012639,1253
0001939,1254
0001271,1255
0000600,1256
0001814,1257
0002033,1258
0000567,1259
0000499,1260
0000498,1261
0004349,1262
0008053,1263
0100587,1264
0001025,1265
0006288,1266
0001347,1267
0004717,1268
0100694,1269
0000104,1270
0001195,1271
0001681,1272
0010049,1273
0002644,1274
0007110,1275
0200008,1276
0007103,1277
0000219,1278
0008443,1279
0002091,1280
0011228,1281
0000464,1282
0001344,1283
0100559,1284
0001072,1285
0010230,1286
0002149,1287
0001944,1288
0001659,1289
0000437,1290
0003027,1291
0000960,1292
0010297,1293
0000902,1294
0010109,1295
0000049,1296
0100781,1297
0100797,1298
0010557,1299
0200136,1300
0000843,1301
0007185,1302
0001254,1303
0000085,1304
0011478,1305
0002139,1306
0012210,1307
0001059,1308
0002375,1309
0002187,1310
0003300,1311
0000121,1312
0001970,1313
0002223,1314
0004422,1315
0009755,1316
0002557,1317
0001533,1318
0002247,1319
0009901,1320
0006498,1321
0004122,1322
0002208,1323
0008368,1324
0003510,1325
0004691,1326
0100835,1327
0001622,1328
0000179,1329
0004493,1330
0008551,1331
0000834,1332
0000790,1333
0002415,1334
0000014,1335
0100267,1336
0001760,1337
0001126,1338
0000011,1339
0000525,1340
0000940,1341
0002299,1342
0002217,1343
0011802,1344
0009124,1345
0012719,1346
0004467,1347
0005469,1348
0000998,1349
0100560,1350
0000064,1351
0006349,1352
0001808,1353
0007559,1354
0001863,1355
0000063,1356
0008059,1357
0003521,1358
0001528,1359
0008839,1360
0000726,1361
0001302,1362
0004568,1363
0000813,1364
0007058,1365
0000243,1366
0005580,1367
0011251,1368
0009738,1369
0200041,1370
0000110,1371
0003118,1372
0001653,1373
0000366,1374
0100842,1375
0009103,1376
0003070,1377
0000972,1378
0000674,1379
0003233,1380
0001289,1381
0003613,1382
0004357,1383
0004299,1384
0001009,1385
0001874,1386
0002463,1387
0100864,1388
0003273,1389
0000895,1390
0000947,1391
0003038,1392
0002692,1393
0001712,1394
0004492,1395
0009756,1396
0002664,1397
0000831,1398
0001543,1399
0008905,1400
0002982,1401
0011803,1402
0100725,1403
0005294,1404
0100817,1405
0002242,1406
0000563,1407
0011029,1408
0040223,1409
0012418,1410
0012508,1411
0002098,1412
0002516,1413
0012724,1414
0000651,1415
0000868,1416
0012086,1417
0001038,1418
0000137,1419
0002733,1420
0003137,1421
0004232,1422
0001799,1423
0001959,1424
0004602,1425
0005988,1426
0000824,1427
0100607,1428
0040081,1429
0002524,1430
0002896,1431
0010620,1432
0001756,1433
0000621,1434
0000524,1435
0000935,1436
0006380,1437
0002936,1438
0012795,1439
0010524,1440
0100843,1441
0100743,1442
0100867,1443
0001734,1444
0100721,1445
0200036,1446
0012515,1447
0007210,1448
0003438,1449
0003805,1450
0012035,1451
0009720,1452
0001259,1453
0002510,1454
0003498,1455
0007754,1456
0012638,1457
0005162,1458
0007430,1459
0005857,1460
0008843,1461
0002869,1462
0012123,1463
0000614,1464
0000134,1465
0002215,1466
0012569,1467
0007793,1468
0007641,1469
0007002,1470
0008031,1471
0008808,1472
0006671,1473
0000556,1474
0100751,1475
0000207,1476
0006159,1477
0001889,1478
0011069,1479
0200044,1480
0009020,1481
0003694,1482
0001488,1483
0003025,1484
0005561,1485
0000869,1486
0010511,1487
0002570,1488
0004859,1489
0200026,1490
0007906,1491
0012055,1492
0030800,1493
0030786,1494
0010920,1495
0011499,1496
0000795,1497
0030016,1498
0001960,1499
0005374,1500
0003287,1501
0100632,1502
0010044,1503
0000733,1504
0100614,1505
0002073,1506
0002134,1507
0003535,1508
0003170,1509
0000331,1510
0001321,1511
0012122,1512
0005681,1513
0002202,1514
0001627,1515
0002018,1516
0006808,1517
0000015,1518
0100678,1519
0001119,1520
0008392,1521
0004279,1522
0002032,1523
0002749,1524
0000951,1525
0000048,1526
0003041,1527
0002693,1528
0002162,1529
0003336,1530
0001385,1531
0002738,1532
0003128,1533
0008193,1534
0000859,1535
0002805,1536
0030014,1537
0012412,1538
0030348,1539
0011969,1540
0200097,1541
0012227,1542
0001806,1543
0001022,1544
0006597,1545
0001272,1546
0005107,1547
0001602,1548
0009373,1549
0003761,1550
0011021,1551
0003159,1552
0000763,1553
0001433,1554
0001342,1555
0003487,1556
0002273,1557
0010955,1558
0011903,1559
0001300,1560
0009125,1561
0012899,1562
0006785,1563
0001730,1564
0001878,1565
0000378,1566
0001265,1567
0005700,1568
0100749,1569
0003472,1570
0012049,1571
0003456,1572
0003739,1573
0012211,1574
0000131,1575
0008250,1576
0002919,1577
0008255,1578
0003074,1579
0001388,1580
0002282,1581
0007333,1582
0003701,1583
0011850,1584
0100828,1585
0005244,1586
0002329,1587
0002487,1588
0002608,1589
0004905,1590
0003459,1591
0012469,1592
0100526,1593
0002088,1594
0002754,1595
0007495,1596
0008517,1597
0011867,1598
0003212,1599
0000360,1600
0011705,1601
0004383,1602
0005625,1603
0100309,1604
0000876,1605
0008846,1606
0001239,1607
0000060,1608
0008569,1609
0002672,1610
0004415,1611
0007766,1612
0007925,1613
0002990,1614
0007470,1615
0003026,1616
0100790,1617
0007281,1618
0004607,1619
0002080,1620
0007010,1621
0003390,1622
0000725,1623
0001709,1624
0011710,1625
0001678,1626
0012742,1627
0007354,1628
0000712,1629
0002878,1630
0011324,1631
0002151,1632
0002897,1633
0008291,1634
0001031,1635
0011761,1636
0002003,1637
0002355,1638
0100774,1639
0001969,1640
0004969,1641
0005113,1642
0010804,1643
0004792,1644
0003752,1645
0000211,1646
0000294,1647
0011998,1648
0009796,1649
0003002,1650
0012720,1651
0100644,1652
0002591,1653
0003306,1654
0008422,1655
0011381,1656
0010318,1657
0012145,1658
0011364,1659
0012114,1660
0012740,1661
0100818,1662
0006870,1663
0010459,1664
0030234,1665
0002835,1666
0003741,1667
0005990,1668
0200016,1669
0001338,1670
0001765,1671
0002069,1672
0000554,1673
0008207,1674
0004099,1675
0002133,1676
0003526,1677
0004370,1678
0001695,1679
0001776,1680
0000079,1681
0003434,1682
0003130,1683
0006984,1684
0002720,1685
0003049,1686
0011560,1687
0012304,1688
0002383,1689
0011575,1690
0010316,1691
0007440,1692
0001598,1693
0002789,1694
0012733,1695
0005914,1696
0005592,1697
0000483,1698
0006265,1699
0001374,1700
0030736,1701
0007413,1702
0002949,1703
0000151,1704
0001114,1705
0001322,1706
0002102,1707
0000751,1708
0000741,1709
0100031,1710
0030513,1711
0000035,1712
0006535,1713
0004378,1714
0000107,1715
0002656,1716
0008402,1717
0100257,1718
0000206,1719
0003502,1720
0006315,1721
0000021,1722
0003560,1723
0003086,1724
0000408,1725
0009004,1726
0009748,1727
0000050,1728
0000288,1729
0008191,1730
0000851,1731
0002270,1732
0003417,1733
0003100,1734
0002552,1735
0003028,1736
0008833,1737
0002324,1738
0009843,1739
0002515,1740
0100021,1741
0100670,1742
0002974,1743
0005343,1744
0012245,1745
0000991,1746
0002371,1747
0007655,1748
0008198,1749
0005686,1750
0100764,1751
0002025,1752
0000579,1753
0000796,1754
0000727,1755
0010739,1756
0010719,1757
0000480,1758
0001137,1759
0008080,1760
0012379,1761
0012472,1762
0007875,1763
0000659,1764
0001092,1765
0001805,1766
0002310,1767
0001264,1768
0002036,1769
0007885,1770
0007588,1771
0005173,1772
0004586,1773
0006367,1774
0000358,1775
0005745,1776
0003777,1777
0004950,1778
0007334,1779
0100576,1780
0001727,1781
0004942,1782
0002818,1783
0008689,1784
0001798,1785
0012393,1786
0002751,1787
0002945,1788
0008108,1789
0003380,1790
0007544,1791
0000177,1792
0001563,1793
0000961,1794
0001894,1795
0005772,1796
0002980,1797
0008619,1798
0010569,1799
0004625,1800
0005871,1801
0002110,1802
0002837,1803
0002705,1804
0002642,1805
0004639,1806
0012143,1807
0011342,1808
0012345,1809
0000077,1810
0001007,1811
0003388,1812
0011748,1813
0030521,1814
0012531,1815
0003228,1816
0004396,1817
0008672,1818
0012637,1819
0012377,1820
0011073,1821
0100012,1822
0012499,1823
0002631,1824
0100028,1825
0008000,1826
0002839,1827
0010526,1828
0100571,1829
0010747,1830
0003353,1831
0100299,1832
0030007,1833
0009077,1834
0008180,1835
0008963,1836
0012548,1837
0200035,1838
0100699,1839
0000026,1840
0045025,1841
0009906,1842
0005588,1843
0001920,1844
0004929,1845
0004442,1846
0000263,1847
0001085,1848
0004782,1849
0012463,1850
0012814,1851
0010791,1852
0000685,1853
0001789,1854
0004331,1855
0000687,1856
0011272,1857
0008609,1858
0002153,1859
0008285,1860
0001962,1861
0002630,1862
0004382,1863
0100813,1864
0007902,1865
0003781,1866
0002212,1867
0007988,1868
0005584,1869
0100574,1870
0011985,1871
0002126,1872
0002380,1873
0003241,1874
0004445,1875
0011889,1876
0004599,1877
0010564,1878
0000946,1879
0004991,1880
0040086,1881
0002616,1882
0008258,1883
0012244,1884
0008232,1885
0008675,1886
0000061,1887
0008726,1888
0004057,1889
0002297,1890
0000587,1891
0002367,1892
0004923,1893
0001096,1894
0009088,1895
0007428,1896
0002942,1897
0011108,1898
0003811,1899
0009164,1900
0002651,1901
0009684,1902
0010026,1903
0010743,1904
0009372,1905
0000056,1906
0002366,1907
0007112,1908
0000597,1909
0003546,1910
0002913,1911
0007677,1912
0100608,1913
0003736,1914
0003327,1915
0000543,1916
0003690,1917
0001283,1918
0011302,1919
0001864,1920
0006274,1921
0003076,1922
0005750,1923
0001518,1924
0010536,1925
0001821,1926
0007420,1927
0001977,1928
0007818,1929
0002197,1930
0001923,1931
0004791,1932
0007803,1933
0002475,1934
0000377,1935
0100256,1936
0001857,1937
0009887,1938
0004443,1939
0007675,1940
0005792,1941
0001917,1942
0001838,1943
0006655,1944
0005313,1945
0010662,1946
0011003,1947
0002715,1948
0012068,1949
0006753,1950
0000892,1951
0011962,1952
0002647,1953
0011040,1954
0012471,1955
0001266,1956
0001476,1957
0011002,1958
0000363,1959
0001795,1960
0001155,1961
0007042,1962
0004690,1963
0001927,1964
0001545,1965
0001836,1966
0100335,1967
0009025,1968
0001094,1969
0000205,1970
0007271,1971
0004416,1972
0005487,1973
0003073,1974
0007488,1975
0002868,1976
0001637,1977
0002227,1978
0002311,1979
0001849,1980
0000214,1981
0002384,1982
0003557,1983
0100555,1984
0006892,1985
0004987,1986
0002138,1987
0011387,1988
0005340,1989
0003477,1990
0003146,1991
0008850,1992
0000956,1993
0004330,1994
0100284,1995
0011849,1996
0001572,1997
0003394,1998
0004963,1999
0008453,2000
0000024,2001
0008586,2002
0100649,2003
0010566,2004
0003429,2005
0000713,2006
0002346,2007
0005595,2008
0400008,2009
0006585,2010
0009918,2011
0006747,2012
0003351,2013
0007549,2014
0003067,2015
0100804,2016
0002168,2017
0008213,2018
0030079,2019
0001102,2020
0001211,2021
0010786,2022
0005177,2023
0001954,2024
0008063,2025
0001746,2026
0000070,2027
0007763,2028
0002540,2029
0001410,2030
0002363,2031
0012093,2032
0002509,2033
0007942,2034
0002266,2035
0100704,2036
0001869,2037
0007899,2038
0001663,2039
0005819,2040
0004409,2041
0002064,2042
0001915,2043
0002152,2044
0001881,2045
0002867,2046
0012747,2047
0012802,2048
0003183,2049
0012786,2050
0012156,2051
0002580,2052
0008187,2053
0012373,2054
0006846,2055
0006492,2056
0003217,2057
0010468,2058
0012465,2059
0002043,2060
0000623,2061
0011100,2062
0000977,2063
0007979,2064
0000142,2065
0007552,2066
0000620,2067
0006286,2068
0000666,2069
0000375,2070
0100280,2071
0005339,2072
0010624,2073
0000235,2074
0000853,2075
0010831,2076
0001317,2077
0005328,2078
0004440,2079
0011224,2080
0003391,2081
0006495,2082
0012864,2083
0000852,2084
0011902,2085
0001947,2086
0005622,2087
0005598,2088
0009826,2089
0003493,2090
0009937,2091
0000532,2092
0012184,2093
0008282,2094
0100570,2095
0009064,2096
0005513,2097
3000062,2098
0000168,2099
0001045,2100
0010627,2101
0002643,2102
0001994,2103
0002922,2104
0100796,2105
0000891,2106
0010818,2107
0002000,2108
0004386,2109
0006721,2110
0002085,2111
0002634,2112
0001714,2113
0006466,2114
0002828,2115
0007734,2116
0004411,2117
0200012,2118
0003473,2119
0001395,2120
0003573,2121
0011168,2122
0000522,2123
0100654,2124
0100643,2125
0100874,2126
0010622,2127
0040079,2128
0008245,2129
0001973,2130
0005274,2131
0004928,2132
0010754,2133
0030247,2134
0012075,2135
0000897,2136
0003474,2137
0000863,2138
0002398,2139
0040186,2140
0030146,2141
0009924,2142
0001361,2143
0006744,2144
0001958,2145
0008003,2146
0006480,2147
0030882,2148
0003187,2149
0008715,2150
0100771,2151
0012061,2152
0003037,2153
0000180,2154
0001890,2155
0004933,2156
0200102,2157
0001540,2158
0100646,2159
0005421,2160
0005505,2161
0001140,2162
0002446,2163
0011786,2164
0000815,2165
0000012,2166
0030502,2167
0008230,2168
0000805,2169
0001633,2170
0000820,2171
0003031,2172
0004808,2173
0010544,2174
0001662,2175
0003131,2176
0008994,2177
0001285,2178
0100763,2179
0012798,2180
0010772,2181
0000071,2182
0002546,2183
0011990,2184
0045040,2185
0003323,2186
0001912,2187
0100024,2188
0007722,2189
0000882,2190
0012557,2191
0005268,2192
0009944,2193
0005222,2194
0001133,2195
0004935,2196
0004622,2197
0100723,2198
0012084,2199
0001538,2200
0002323,2201
0002986,2202
0000183,2203
0001377,2204
0004220,2205
0002814,2206
0002948,2207
0100798,2208
0006248,2209
0005830,2210
0003019,2211
0001362,2212
0012886,2213
0002127,2214
0012243,2215
0010310,2216
0030872,2217
0100575,2218
0100279,2219
0030168,2220
0200134,2221
0007207,2222
0010819,2223
0011170,2224
0000653,2225
0007479,2226
0009023,2227
0008002,2228
0006443,2229
0000387,2230
0009466,2231
0002858,2232
0100242,2233
0004112,2234
0003083,2235
0000040,2236
0003982,2237
0100724,2238
0000590,2239
0002049,2240
0000854,2241
0010615,2242
0000825,2243
0030500,2244
0001879,2245
0001621,2246
0011481,2247
0011388,2248
0100582,2249
0010058,2250
0001743,2251
0004390,2252
0100780,2253
0100579,2254
0000766,2255
0003043,2256
0006879,2257
0002783,2258
0012165,2259
0000667,2260
0000818,2261
0008410,2262
0100371,2263
0009890,2264
0006650,2265
0009780,2266
0200046,2267
0011308,2268
0002460,2269
0000150,2270
0008661,2271
0003834,2272
0001557,2273
0003177,2274
0005743,2275
0005344,2276
0006507,2277
0004634,2278
0000349,2279
0003011,2280
0001872,2281
0001807,2282
0100650,2283
0001180,2284
0003803,2285
0004464,2286
0006951,2287
0002912,2288
0005242,2289
0003301,2290
0002191,2291
0100295,2292
0100524,2293
0001841,2294
0010689,2295
0000932,2296
0000636,2297
0000734,2298
0002257,2299
0000166,2300
0001116,2301
0007431,2302
0004388,2303
0003075,2304
0002843,2305
0009107,2306
0010574,2307
0045026,2308
0000169,2309
0000657,2310
0100264,2311
0001735,2312
0001084,2313
0000883,2314
0009811,2315
0001802,2316
0001191,2317
0010585,2318
0003693,2319
0100546,2320
0005461,2321
0000894,2322
0001816,2323
0004437,2324
0001884,2325
0006463,2326
0002909,2327
0012252,2328
0010701,2329
0011875,2330
0010727,2331
0004937,2332
0002107,2333
0001073,2334
0011357,2335
0005008,2336
0009806,2337
0003738,2338
0006559,2339
0010534,2340
0006515,2341
0010550,2342
0004954,2343
0200146,2344
0006844,2345
0008724,2346
0010301,2347
0006801,2348
0002176,2349
0004341,2350
0030046,2351
0003724,2352
0000479,2353
0001956,2354
0002866,2355
0008527,2356
0010309,2357
0010497,2358
0000546,2359
0000577,2360
0003763,2361
0006660,2362
0000916,2363
0000341,2364
0012534,2365
0100686,2366
0006376,2367
0003201,2368
0012364,2369
0100769,2370
0004840,2371
0100601,2372
0002907,2373
0000973,2374
0007469,2375
0011524,2376
0000539,2377
0002373,2378
0006780,2379
0012232,2380
0010788,2381
0001304,2382
0002583,2383
0002372,2384
0007455,2385
0100800,2386
0000481,2387
0012622,2388
0000559,2389
0003508,2390
0002987,2391
0006543,2392
0011755,2393
0100734,2394
0004327,2395
0011749,2396
0012881,2397
0030258,2398
0011127,2399
0010472,2400
0000297,2401
0001501,2402
0100866,2403
0001204,2404
0010038,2405
0012213,2406
0011204,2407
0005968,2408
0012325,2409
0005506,2410
0040083,2411
0003551,2412
0000132,2413
0012203,2414
0003165,2415
0010614,2416
0004398,2417
0006476,2418
0002271,2419
0100324,2420
0000696,2421
0040047,2422
0005879,2423
0007900,2424
0001335,2425
0007720,2426
0100718,2427
0010935,2428
0001718,2429
0012054,2430
0005989,2431
0007465,2432
0011232,2433
0001273,2434
0004915,2435
0100736,2436
0002465,2437
0000029,2438
0000133,2439
0030088,2440
0003363,2441
0001159,2442
0001043,2443
0010648,2444
0000575,2445
0010285,2446
0001901,2447
0002781,2448
0003016,2449
0003005,2450
0002226,2451
0007990,2452
0010185,2453
0012722,2454
0012539,2455
0001717,2456
0000888,2457
0005403,2458
0010708,2459
0011372,2460
0003003,2461
0012043,2462
0006000,2463
0010322,2464
0006530,2465
0012202,2466
0010677,2467
0002419,2468
0002841,2469
0001792,2470
0003044,2471
0004906,2472
0001141,2473
0000081,2474
0004218,2475
0006467,2476
0005585,2477
0004309,2478
0003764,2479
0003302,2480
0012192,2481
0100720,2482
0002870,2483
0000877,2484
0007460,2485
0007522,2486
0006429,2487
0001334,2488
0001030,2489
0012444,2490
0100633,2491
0003071,2492
0002421,2493
0003040,2494
0002756,2495
0011151,2496
0003034,2497
0005547,2498
0002356,2499
0005900,2500
0040275,2501
0009594,2502
0007807,2503
0100523,2504
0003909,2505
0003470,2506
0011356,2507
0002144,2508
0008716,2509
0003186,2510
0010450,2511
0040217,2512
0007731,2513
0000217,2514
0010837,2515
0001197,2516
0007973,2517
0001279,2518
0000359,2519
0010300,2520
0002676,2521
0009894,2522
0000329,2523
0000493,2524
0002333,2525
0000839,2526
0100326,2527
0012763,2528
0010503,2529
0006489,2530
0011268,2531
0004495,2532
0008200,2533
0011410,2534
0007307,2535
0008890,2536
0005285,2537
0002635,2538
0002494,2539
0006011,2540
0007016,2541
0003316,2542
0012167,2543
0001817,2544
0003261,2545
0005867,2546
0002680,2547
0003645,2548
0006059,2549
0007383,2550
0100025,2551
0012030,2552
0002401,2553
0011703,2554
0012153,2555
0002183,2556
0005876,2557
0001612,2558
0100827,2559
0000622,2560
0005213,2561
0008959,2562
0002345,2563
0009536,2564
0003750,2565
0002304,2566
0010298,2567
0003707,2568
0010112,2569
0006335,2570
0001716,2571
0001495,2572
0002121,2573
0002875,2574
0012398,2575
0002761,2576
0100517,2577
0007009,2578
0004931,2579
0008256,2580
0002464,2581
0011706,2582
0001786,2583
0002292,2584
0001555,2585
0003431,2586
0004471,2587
0010917,2588
0005135,2589
0000635,2590
0000148,2591
0010543,2592
0004820,2593
0001591,2594
0003393,2595
0000695,2596
0006236,2597
0009751,2598
0100493,2599
0009556,2600
0009912,2601
0100785,2602
0100602,2603
0009805,2604
0006589,2605
0002654,2606
0003826,2607
0010649,2608
0011892,2609
0011785,2610
0005957,2611
0012594,2612
0011358,2613
0007380,2614
0009776,2615
0011937,2616
0100829,2617
0000066,2618
0001413,2619
0005165,2620
0003715,2621
0100518,2622
0011132,2623
0008283,2624
0000557,2625
0200128,2626
0006191,2627
0002648,2628
0004736,2629
0010665,2630
0003189,2631
0006224,2632
0003414,2633
0001615,2634
0010305,2635
0007814,2636
0008942,2637
0000593,2638
0012787,2639
0002697,2640
0004878,2641
0004311,2642
0011509,2643
0002500,2644
0012157,2645
0010904,2646
0003798,2647
0030148,2648
0005961,2649
0011203,2650
0007740,2651
0100742,2652
0002385,2653
0005039,2654
0007603,2655
0004295,2656
0002427,2657
0001909,2658
0007166,2659
0006014,2660
0040085,2661
0001951,2662
0000157,2663
0002289,2664
0008544,2665
0007149,2666
0003223,2667
0040084,2668
0004324,2669
0002718,2670
0000629,2671
0001649,2672
0006731,2673
0000289,2674
0002293,2675
0010650,2676
0009568,2677
0005121,2678
0008498,2679
0001225,2680
0011065,2681
0007968,2682
0006970,2683
0003382,2684
0100819,2685
0008743,2686
0002245,2687
0008723,2688
0100033,2689
0100013,2690
0000924,2691
0004930,2692
0012107,2693
0005901,2694
0003555,2695
0100773,2696
0006897,2697
0003021,2698
0100598,2699
0003085,2700
0003720,2701
0000519,2702
0012664,2703
0003161,2704
0004333,2705
0100702,2706
0003179,2707
0000996,2708
0100830,2709
0012819,2710
0002795,2711
0009721,2712
0003550,2713
0006889,2714
0100682,2715
0000068,2716
0001902,2717
0002883,2718
0003191,2719
0100508,2720
0012163,2721
0012060,2722
0007011,2723
0002392,2724
0003115,2725
0002425,2726
0008625,2727
0004332,2728
0000692,2729
0000456,2730
0000388,2731
0006491,2732
0006772,2733
0002663,2734
0005245,2735
0001993,2736
0003859,2737
0005945,2738
0010471,2739
0010047,2740
0000707,2741
0007618,2742
0100268,2743
0100671,2744
0011847,2745
0000394,2746
0011167,2747
0006783,2748
0000025,2749
0100387,2750
0011746,2751
0000139,2752
0010553,2753
0200063,2754
0011365,2755
0002234,2756
0010582,2757
0011852,2758
0100795,2759
0002396,2760
0005103,2761
0012197,2762
0008684,2763
0011742,2764
0012731,2765
0003496,2766
0006481,2767
0001014,2768
0010054,2769
0001071,2770
0003719,2771
0004482,2772
0030391,2773
0001592,2774
0003641,2775
0004810,2776
0005464,2777
0002668,2778
0009943,2779
0001607,2780
0100898,2781
0001723,2782
0004943,2783
0008444,2784
0100647,2785
0000185,2786
0003141,2787
0008240,2788
0030329,2789
0003370,2790
0005184,2791
0007843,2792
0007704,2793
0007924,2794
0000580,2795
0100748,2796
0004236,2797
0009106,2798
0003045,2799
0007229,2800
0100539,2801
0005011,2802
0002938,2803
0011967,2804
0002592,2805
0002179,2806
0100513,2807
0012700,2808
0030153,2809
0012522,2810
0007270,2811
0007601,2812
0009813,2813
0000816,2814
0009051,2815
0002522,2816
0010443,2817
0002180,2818
0011904,2819
0002597,2820
0011981,2821
0030688,2822
0012334,2823
0007449,2824
0030404,2825
0030214,2826
0002037,2827
0005558,2828
0004428,2829
0007372,2830
0007385,2831
0009381,2832
0001082,2833
0002174,2834
0012841,2835
0007626,2836
0000036,2837
0006706,2838
0002181,2839
0007000,2840
0000059,2841
0005922,2842
0000652,2843
0000954,2844
0000680,2845
0007378,2846
0007651,2847
0002894,2848
0008353,2849
0011712,2850
0007817,2851
0002589,2852
0009118,2853
0007874,2854
0010469,2855
0002518,2856
0100584,2857
0000155,2858
0005831,2859
0003396,2860
0007473,2861
0007314,2862
0008348,2863
0005999,2864
0000885,2865
0000858,2866
0010529,2867
0008279,2868
0001215,2869
0010760,2870
0000548,2871
0007418,2872
0004576,2873
0006247,2874
0010290,2875
0009467,2876
0012120,2877
0002813,2878
0004794,2879
0000914,2880
0006765,2881
0001504,2882
0006110,2883
0010105,2884
0100544,2885
0001018,2886
0001839,2887
0010957,2888
0012330,2889
0002577,2890
0000096,2891
0009838,2892
0003057,2893
0005880,2894
0002744,2895
0010874,2896
0002317,2897
0001172,2898
0005026,2899
0007605,2900
0045075,2901
0011832,2902
0006557,2903
0008669,2904
0008697,2905
0000538,2906
0001117,2907
0011735,2908
0001065,2909
0009836,2910
0009073,2911
0010976,2912
0003164,2913
0004944,2914
0006817,2915
0003276,2916
0002762,2917
0012237,2918
0003237,2919
0007201,2920
0006693,2921
0012191,2922
0012464,2923
0006402,2924
0003015,2925
0004823,2926
0040025,2927
0000292,2928
0005230,2929
0004432,2930
0002865,2931
0001741,2932
0007098,2933
0100596,2934
0002194,2935
0008222,2936
0000105,2937
0012312,2938
0001355,2939
0007153,2940
0010496,2941
0000782,2942
0002657,2943
0008786,2944
0001850,2945
0000840,2946
0012605,2947
0004399,2948
0005979,2949
0001027,2950
0000748,2951
0001230,2952
0009495,2953
0002836,2954
0008944,2955
0002145,2956
0010523,2957
0100495,2958
0012082,2959
0003713,2960
0011459,2961
0001507,2962
0011463,2963
0000758,2964
0002059,2965
0000271,2966
0008817,2967
0005613,2968
0001146,2969
0002747,2970
0000007,2971
0100259,2972
0009487,2973
0000006,2974
0000234,2975
0001477,2976
0003812,2977
0008475,2978
0002669,2979
0030034,2980
0030151,2981
0004598,2982
0001544,2983
0001425,2984
0002959,2985
0004798,2986
0000193,2987
0003606,2988
0011096,2989
0003570,2990
0003593,2991
0200120,2992
0002582,2993
0002344,2994
0000728,2995
0002885,2996
0000957,2997
0005590,2998
0001854,2999
0001922,3000
0007232,3001
0009058,3002
0001605,3003
0005576,3004
0002171,3005
0003530,3006
0003647,3007
0000119,3008
0002365,3009
0007001,3010
0003297,3011
0003264,3012
0002629,3013
0002408,3014
0000227,3015
0002604,3016
0003653,3017
0008608,3018
0001575,3019
0001345,3020
0001948,3021
0012743,3022
0003677,3023
0002904,3024
0004469,3025
0001739,3026
0003139,3027
0006562,3028
0003304,3029
0008639,3030
0010759,3031
0000879,3032
0002100,3033
0010621,3034
0010660,3035
0006431,3036
0003371,3037
0012804,3038
0000495,3039
0000103,3040
0003828,3041
0000282,3042
0007678,3043
0007774,3044
0002218,3045
0007041,3046
0004385,3047
0011359,3048
0012223,3049
0002041,3050
0002872,3051
0005227,3052
0003642,3053
0000452,3054
0004719,3055
0002973,3056
0000746,3057
0007133,3058
0001151,3059
0011401,3060
0003090,3061
0002305,3062
0003655,3063
0003352,3064
0009921,3065
0030676,3066
0002314,3067
0006519,3068
0000138,3069
0004481,3070
0003581,3071
0000565,3072
0003088,3073
0000875,3074
0001417,3075
0001054,3076
0030290,3077
0100752,3078
0001751,3079
0003745,3080
0006006,3081
0002732,3082
0006579,3083
0001060,3084
0009031,3085
0008981,3086
0000890,3087
0006392,3088
0005349,3089
0100015,3090
0004453,3091
0006361,3092
0010055,3093
0009637,3094
0001245,3095
0007892,3096
0007732,3097
0000410,3098
0004676,3099
0006415,3100
0004404,3101
0000764,3102
0007126,3103
0030011,3104
0007305,3105
0006518,3106
0005954,3107
0003540,3108
0001929,3109
0002340,3110
0003676,3111
0002135,3112
0009046,3113
0009005,3114
0007262,3115
0005341,3116
0009737,3117
0000997,3118
0002661,3119
0003278,3120
0011165,3121
0003443,3122
0000640,3123
0007772,3124
0000283,3125
0001423,3126
0001583,3127
0003577,3128
0000478,3129
0003563,3130
0002495,3131
0000808,3132
0004684,3133
0002173,3134
0002359,3135
0000253,3136
0000041,3137
0003779,3138
0007526,3139
0003349,3140
0003640,3141
0011907,3142
0001419,3143
0003435,3144
0003674,3145
0002185,3146
0003206,3147
0003621,3148
0000273,3149
0002283,3150
0009735,3151
0009736,3152
0006737,3153
0002640,3154
0006715,3155
0007086,3156
0000215,3157
0005608,3158
0003208,3159
0007556,3160
0005168,3161
0001950,3162
0002370,3163
0001845,3164
0010626,3165
0001212,3166
0002834,3167
0002219,3168
0100391,3169
0004227,3170
0003310,3171
0001348,3172
0009771,3173
0012608,3174
0005567,3175
0012215,3176
0007401,3177
0008229,3178
0002108,3179
0001757,3180
0006350,3181
0011060,3182
0006460,3183
0008947,3184
0006253,3185
0003755,3186
0002548,3187
0001403,3188
0000585,3189
0004861,3190
0002476,3191
0007068,3192
0005329,3193
0012861,3194
0001547,3195
0009473,3196
0012248,3197
0012448,3198
0009792,3199
0004308,3200
0008542,3201
0000034,3202
0003759,3203
0011229,3204
0003529,3205
0006685,3206
0000803,3207
0003219,3208
0003232,3209
0012251,3210
0000128,3211
0005272,3212
0000550,3213
0010636,3214
0008321,3215
0003548,3216
0010871,3217
0008529,3218
0003749,3219
0005841,3220
0003678,3221
0000514,3222
0200127,3223
0006699,3224
0001706,3225
0005949,3226
0010502,3227
0000381,3228
0003126,3229
0001967,3230
0003829,3231
0001036,3232
0007898,3233
0000841,3234
0003127,3235
0003554,3236
0002882,3237
0002307,3238
0003481,3239
0003145,3240
0002755,3241
0002724,3242
0009816,3243
0003448,3244
0002497,3245
0006901,3246
0011877,3247
0006646,3248
0003722,3249
0006375,3250
0002061,3251
0002972,3252
0003454,3253
0010997,3254
0002200,3255
0001069,3256
0001900,3257
0200030,3258
0030319,3259
0002930,3260
0004491,3261
0001134,3262
0001142,3263
0002411,3264
0002979,3265
0000338,3266
0100703,3267
0012262,3268
0012257,3269
0005224,3270
0006799,3271
0008523,3272
0006277,3273
0005944,3274
0008676,3275
0001669,3276
0003542,3277
0001694,3278
0002330,3279
0009464,3280
0002077,3281
0002788,3282
0002544,3283
0000250,3284
0006514,3285
0005564,3286
0006334,3287
0001848,3288
0009942,3289
0001750,3290
0003465,3291
0008883,3292
0002682,3293
0000594,3294
0000703,3295
0005855,3296
0002286,3297
0002038,3298
0001924,3299
0001963,3300
0003354,3301
0009933,3302
0000586,3303
0001771,3304
0007182,3305
0003383,3306
0011950,3307
0001803,3308
0008828,3309
0012725,3310
0005384,3311
0005425,3312
0007834,3313
0010068,3314
0005129,3315
0001520,3316
0000744,3317
0003688,3318
0001685,3319
0008447,3320
0030270,3321
0001428,3322
0008428,3323
0005387,3324
0011169,3325
0002166,3326
0000887,3327
0012180,3328
0007269,3329
0011473,3330
0010066,3331
0006775,3332
0004975,3333
0007074,3334
0005950,3335
0009759,3336
0000848,3337
0007517,3338
0001331,3339
0012371,3340
0003080,3341
0003221,3342
0002599,3343
0009702,3344
0007688,3345
0000552,3346
0002792,3347
0006285,3348
0002545,3349
0000970,3350
0000417,3351
0008344,3352
0002111,3353
0010194,3354
0000690,3355
0006397,3356
0010093,3357
0006886,3358
0003819,3359
0011923,3360
0040082,3361
0011933,3362
0009177,3363
0008050,3364
0007548,3365
0003359,3366
0002932,3367
0011814,3368
0003234,3369
0004802,3370
0000654,3371
0007047,3372
0002943,3373
0002156,3374
0002160,3375
0000201,3376
0004446,3377
0006872,3378
0008306,3379
0000723,3380
0001426,3381
0007293,3382
0002318,3383
0003406,3384
0002350,3385
0012119,3386
0001986,3387
0012645,3388
0008993,3389
0008739,3390
0008273,3391
0005453,3392
0012236,3393
0002803,3394
0001905,3395
0006394,3396
0005548,3397
0002188,3398
0003362,3399
0011999,3400
0000641,3401
0000472,3402
0005984,3403
0003148,3404
0007948,3405
0007272,3406
0002267,3407
0009145,3408
0004689,3409
0007015,3410
0008041,3411
0004734,3412
0003277,3413
0003053,3414
0001896,3415
0001104,3416
0007067,3417
0003587,3418
0003419,3419
0002395,3420
0011942,3421
0002322,3422
0012741,3423
0001560,3424
0003333,3425
0002280,3426
0000108,3427
0002611,3428
0002847,3429
0002046,3430
0007545,3431
0002533,3432
0001438,3433
0100770,3434
0007033,3435
0007700,3436
0000099,3437
0005369,3438
0009714,3439
0012074,3440
0002511,3441
0000660,3442
0000362,3443
0001452,3444
0005117,3445
0004972,3446
0000742,3447
0001530,3448
0003689,3449
0002444,3450
0003444,3451
0001623,3452
0006958,3453
0100253,3454
0007862,3455
0012023,3456
0000123,3457
0003490,3458
0006979,3459
0011447,3460
0000502,3461
0004631,3462
0003325,3463
0011727,3464
0006232,3465
0008102,3466
0007958,3467
0012265,3468
0012384,3469
0007311,3470
0005318,3471
0001667,3472
0001708,3473
0006818,3474
0006891,3475
0005148,3476
0009611,3477
0000871,3478
0001450,3479
0008969,3480
0005273,3481
0003680,3482
0000300,3483
0002576,3484
0001217,3485
0004394,3486
0000558,3487
0003274,3488
0006517,3489
0002352,3490
0004485,3491
0008357,3492
0007811,3493
0007105,3494
0003023,3495
0003704,3496
0009102,3497
0004451,3498
0000759,3499
0002708,3500
0100617,3501
0010463,3502
0000224,3503
0003282,3504
0010695,3505
0007240,3506
0004821,3507
0003153,3508
0000886,3509
0005217,3510
0011273,3511
0012132,3512
0004419,3513
0040049,3514
0000655,3515
0030353,3516
0003343,3517
0100951,3518
0005619,3519
0006587,3520
0000999,3521
0000720,3522
0008103,3523
0003365,3524
0007737,3525
0001427,3526
0006673,3527
0006162,3528
0003538,3529
0002265,3530
0008242,3531
0006858,3532
0005085,3533
0002074,3534
0008073,3535
0011109,3536
0004712,3537
0001015,3538
0005450,3539
0012514,3540
0005180,3541
0001013,3542
0000549,3543
0006581,3544
0011266,3545
0002501,3546
0000976,3547
0006956,3548
0007052,3549
0003150,3550
0010838,3551
0001688,3552
0000317,3553
0006938,3554
0003387,3555
0000699,3556
0011087,3557
0003113,3558
0000111,3559
0003495,3560
0002888,3561
0004920,3562
0001820,3563
0007417,3564
0003081,3565
0002914,3566
0000749,3567
0001833,3568
0100709,3569
0007266,3570
0003269,3571
0005490,3572
0011927,3573
0003180,3574
0010744,3575
0008005,3576
0000092,3577
0007941,3578
0006999,3579
0001308,3580
0000915,3581
0003534,3582
0004918,3583
0006583,3584
0001949,3585
0001178,3586
0003687,3587
0008259,3588
0001700,3589
0012877,3590
0000017,3591
0005959,3592
0030362,3593
0008677,3594
0009710,3595
0002235,3596
0001187,3597
0002536,3598
0011713,3599
0007341,3600
0008442,3601
0005017,3602
0009461,3603
0009463,3604
0008181,3605
0009763,3606
0002694,3607
0003068,3608
0003758,3609
0012468,3610
0003214,3611
0000817,3612
0008640,3613
0003710,3614
0011855,3615
0003445,3616
0010775,3617
0005321,3618
0009788,3619
0005255,3620
0002423,3621
0004841,3622
0002416,3623
0007466,3624
0012066,3625
0007447,3626
0005028,3627
0000466,3628
0011909,3629
0005186,3630
0002725,3631
0000533,3632
0003121,3633
0009911,3634
0002743,3635
0100315,3636
0000418,3637
0009002,3638
0003785,3639
0040168,3640
0003013,3641
0006895,3642
0002362,3643
0007970,3644
0002140,3645
0003205,3646
0100019,3647
0002752,3648
0000114,3649
0003447,3650
0004343,3651
0009769,3652
0003193,3653
0004444,3654
0000267,3655
0003783,3656
0001090,3657
0005332,3658
0004909,3659
0005390,3660
0007099,3661
0003384,3662
0001886,3663
0001400,3664
0002726,3665
0002741,3666
0001964,3667
0000216,3668
0008386,3669
0009879,3670
0012108,3671
0005144,3672
0011400,3673
0011332,3674
0003144,3675
0002332,3676
0003524,3677
0000884,3678
0004231,3679
0006957,3680
0005203,3681
0001705,3682
0002944,3683
0003810,3684
0008437,3685
0012266,3686
0012555,3687
0003809,3688
0001188,3689
0010493,3690
0003166,3691
0002472,3692
0011504,3693
0007021,3694
0008293,3695
0007642,3696
0003182,3697
0000598,3698
0011934,3699
0100858,3700
0000434,3701
0006107,3702
0001722,3703
0001670,3704
0000607,3705
0011457,3706
0001234,3707
0030682,3708
0012207,3709
0002542,3710
0005684,3711
0009844,3712
0011492,3713
0004429,3714
0004934,3715
0004527,3716
0012221,3717
0011906,3718
0001367,3719
0002965,3720
0008768,3721
0004851,3722
0003225,3723
0200070,3724
0001699,3725
0005327,3726
0002198,3727
0011341,3728
0000537,3729
0012189,3730
0100852,3731
0000136,3732
0012871,3733
0004927,3734
0008132,3735
0002236,3736
0002490,3737
0003348,3738
0002131,3739
0002928,3740
0004900,3741
0006677,3742
0007384,3743
0005257,3744
0004904,3745
0001982,3746
0006143,3747
0009741,3748
0100759,3749
0007285,3750
0000860,3751
0011599,3752
0012473,3753
0003400,3754
0004924,3755
0004948,3756
0005502,3757
0001470,3758
0008158,3759
0006723,3760
0006955,3761
0000420,3762
0005473,3763
0009704,3764
0002600,3765
0009244,3766
0008318,3767
0001067,3768
0006121,3769
0003992,3770
0040160,3771
0005089,3772
0005172,3773
0001349,3774
0008323,3775
0011136,3776
0200117,3777
0001370,3778
0002958,3779
0006986,3780
0005941,3781
0000511,3782
0003464,3783
0008341,3784
0030037,3785
0006608,3786
0002454,3787
0002886,3788
0001981,3789
0005317,3790
0000372,3791
0000197,3792
0000220,3793
0010696,3794
0010064,3795
0008555,3796
0025358,3797
0007915,3798
0006531,3799
0001055,3800
0004850,3801
0200095,3802
0006149,3803
0005072,3804
0003279,3805
0000447,3806
0010097,3807
0005067,3808
0004618,3809
0005609,3810
0000736,3811
0004749,3812
0001780,3813
0010442,3814
0003109,3815
0000117,3816
0000710,3817
0002918,3818
0001946,3819
0003116,3820
0009926,3821
0011663,3822
0011858,3823
0011085,3824
0002349,3825
0010307,3826
0010473,3827
0003029,3828
0003065,3829
0002627,3830
0003210,3831
0003375,3832
0007922,3833
0001076,3834
0007917,3835
0000399,3836
0000571,3837
0002853,3838
0005261,3839
0012174,3840
0006165,3841
0001032,3842
0003305,3843
0030323,3844
0007475,3845
0012033,3846
0001548,3847
0011980,3848
0005156,3849
0007633,3850
0008573,3851
0004401,3852
0003484,3853
0002246,3854
0004425,3855
0002528,3856
0000743,3857
0002009,3858
0001153,3859
0012050,3860
0200149,3861
0009063,3862
0009815,3863
0009768,3864
0000097,3865
0003231,3866
0002062,3867
0002268,3868
0001483,3869
0003616,3870
0008012,3871
0004233,3872
0008824,3873
0011274,3874
0007263,3875
0007159,3876
0003378,3877
0002678,3878
0001024,3879
0006077,3880
0012038,3881
0008034,3882
0002281,3883
0002700,3884
0009098,3885
0006628,3886
0003623,3887
0005005,3888
0004606,3889
0011864,3890
0006385,3891
0003491,3892
0003358,3893
0008269,3894
0200065,3895
0011449,3896
0006834,3897
0006962,3898
0001913,3899
0000188,3900
0007414,3901
0003160,3902
0003787,3903
0004912,3904
0007670,3905
0005086,3906
0010275,3907
0004854,3908
0002503,3909
0005225,3910
0002625,3911
0005305,3912
0012208,3913
0003403,3914
0000570,3915
0002790,3916
0008683,3917
0011966,3918
0001961,3919
0003634,3920
0002572,3921
0002453,3922
0000531,3923
0001574,3924
0003768,3925
0009752,3926
0006379,3927
0011031,3928
0012311,3929
0005549,3930
0004889,3931
0009094,3932
0002587,3933
0006918,3934
0012490,3935
0011924,3936
0000237,3937
0200084,3938
0012450,3939
0008297,3940
0009183,3941
0005298,3942
0001132,3943
0012233,3944
0003646,3945
0003149,3946
0000503,3947
0005671,3948
0011335,3949
0002584,3950
0007872,3951
0000547,3952
0007183,3953
0003308,3954
0040198,3955
0003107,3956
0003482,3957
0007780,3958
0003566,3959
0003743,3960
0003789,3961
0030074,3962
0008264,3963
0007029,3964
0009916,3965
0003716,3966
0002849,3967
0005583,3968
0008668,3969
0030211,3970
0003194,3971
0001105,3972
0005356,3973
0005102,3974
0011462,3975
0009591,3976
0005890,3977
0003467,3978
0008432,3979
0002555,3980
0007537,3981
0008417,3982
0002946,3983
0005211,3984
0012024,3985
0002614,3986
0003108,3987
0006698,3988
0001978,3989
0007585,3990
0005155,3991
0012270,3992
0011353,3993
0005312,3994
0004373,3995
0007617,3996
0002730,3997
0011900,3998
0005200,3999
0200118,4000
0001580,4001
0001340,4002
0011246,4003
0002389,4004
0002057,4005
0004484,4006
0008829,4007
0002361,4008
0011516,4009
0005010,4010
0008537,4011
0003162,4012
0006593,4013
0200147,4014
0007792,4015
0007656,4016
0005354,4017
0001087,4018
0003771,4019
0007394,4020
0005253,4021
0000907,4022
0003729,4023
0007468,4024
0002154,4025
0008596,4026
0001655,4027
0003697,4028
0012426,4029
0005938,4030
0200109,4031
0000145,4032
0008113,4033
0001047,4034
0003117,4035
0001408,4036
0008072,4037
0001895,4038
0001930,4039
0002929,4040
0001147,4041
0030666,4042
0001404,4043
0008967,4044
0000153,4045
0007034,4046
0002275,4047
0007249,4048
0010693,4049
0002632,4050
0008972,4051
0100610,4052
0008970,4053
0200085,4054
0012774,4055
0006888,4056
0004997,4057
0009802,4058
0012271,4059
0008988,4060
0000804,4061
0001791,4062
0001149,4063
0200072,4064
0001998,4065
0004911,4066
0005420,4067
0004019,4068
0012307,4069
0002403,4070
0008733,4071
0005543,4072
0006687,4073
0007421,4074
0007321,4075
0030056,4076
0009054,4077
0009709,4078
0009779,4079
0009516,4080
0011929,4081
0008346,4082
0006280,4083
0012183,4084
0002690,4085
0003423,4086
0100697,4087
0000244,4088
0003455,4089
0012301,4090
0004901,4091
0007880,4092
0002563,4093
0000274,4094
0000395,4095
0005995,4096
0000740,4097
0002331,4098
0003001,4099
0005101,4100
0005523,4101
0003256,4102
0006670,4103
0007710,4104
0007599,4105
0011809,4106
0007541,4107
0004964,4108
0003020,4109
0008305,4110
0006572,4111
0030043,4112
0003320,4113
0008470,4114
0007937,4115
0005474,4116
0010537,4117
0006254,4118
0010749,4119
0004737,4120
0007987,4121
0004845,4122
0006279,4123
0009767,4124
0009053,4125
0000757,4126
0000732,4127
0006266,4128
0005964,4129
0003250,4130
0008363,4131
0004523,4132
0012241,4133
0007936,4134
0000065,4135
0008509,4136
0011935,4137
0008035,4138
0005449,4139
0001144,4140
0004795,4141
0001664,4142
0001604,4143
0001674,4144
0006574,4145
0000471,4146
0004406,4147
0000900,4148
0007592,4149
0010723,4150
0011448,4151
0004439,4152
0005386,4153
0003079,4154
0006048,4155
0009845,4156
0006028,4157
0005208,4158
0003537,4159
0005409,4160
0012026,4161
0040078,4162
0007868,4163
0006946,4164
0001041,4165
0002450,4166
0007338,4167
0009588,4168
0000605,4169
0006453,4170
0001440,4171
0200056,4172
0006740,4173
0007076,4174
0005136,4175
0006960,4176
0003574,4177
0008807,4178
0011822,4179
0005359,4180
0003249,4181
0012813,4182
0030664,4183
0007048,4184
0012730,4185
0002737,4186
0004496,4187
0000321,4188
0008093,4189
0004751,4190
0004785,4191
0000350,4192
0007326,4193
0007607,4194
0007352,4195
0004405,4196
0005758,4197
0012810,4198
0007944,4199
0011970,4200
0008819,4201
0008457,4202
0001525,4203
0003553,4204
0002842,4205
0002840,4206
0002740,4207
0006638,4208
0010740,4209
0008770,4210
0000658,4211
0005873,4212
0007994,4213
0001414,4214
0009927,4215
0008501,4216
0006161,4217
0002588,4218
0006201,4219
0002243,4220
0007680,4221
0008134,4222
0011823,4223
0012047,4224
0012712,4225
0007398,4226
0007410,4227
0009100,4228
0009085,4229
0030083,4230
0006682,4231
0008169,4232
0012201,4233
0008956,4234
0004448,4235
0002539,4236
0003575,4237
0005365,4238
0003733,4239
0008081,4240
0003235,4241
0007187,4242
0012411,4243
0003258,4244
0008915,4245
0005952,4246
0002729,4247
0040185,4248
0001898,4249
0003730,4250
0002925,4251
0000922,4252
0012258,4253
0009884,4254
0007984,4255
0008020,4256
0006528,4257
0001719,4258
0030050,4259
0003405,4260
0002439,4261
0001405,4262
0005498,4263
0006342,4264
0003831,4265
0002483,4266
0000993,4267
0005897,4268
0002470,4269
0003296,4270
0006568,4271
0001216,4272
0002254,4273
0003239,4274
0007965,4275
0006438,4276
0009072,4277
0002622,4278
0005381,4279
0003584,4280
0003561,4281
0008559,4282
0005325,4283
0003321,4284
0006089,4285
0005535,4286
0001897,4287
0012391,4288
0002933,4289
0011995,4290
0002343,4291
0000633,4292
0006152,4293
0030325,4294
0020006,4295
0009113,4296
0009608,4297
0009069,4298
0012796,4299
0006234,4300
0012260,4301
0002404,4302
0007165,4303
0009824,4304
0008986,4305
0003344,4306
0009486,4307
0100499,4308
0003051,4309
0004616,4310
0002335,4311
0009791,4312
0009790,4313
0011501,4314
0004866,4315
0008756,4316
0005973,4317
0007976,4318
0008316,4319
0004611,4320
0007109,4321
0012222,4322
0001384,4323
0008997,4324
0002977,4325
0007024,4326
0010845,4327
0100018,4328
0001686,4329
0006748,4330
0007277,4331
0006961,4332
0012727,4333
0006934,4334
0008045,4335
0007770,4336
0003559,4337
0007404,4338
0001772,4339
0008231,4340
0005542,4341
0001311,4342
0008301,4343
0005756,4344
0008450,4345
0002491,4346
0001325,4347
0009049,4348
0005308,4349
0006774,4350
0000555,4351
0002923,4352
0002695,4353
0009193,4354
0011476,4355
0005575,4356
0003658,4357
0003226,4358
0007628,4359
0007436,4360
0030062,4361
0002996,4362
0007344,4363
0011939,4364
0003612,4365
0003106,4366
0000920,4367
0005565,4368
0007543,4369
0001196,4370
0011414,4371
0004819,4372
0010828,4373
0200096,4374
0010714,4375
0011505,4376
0001586,4377
0009908,4378
0006821,4379
0008760,4380
0000484,4381
0002493,4382
0005025,4383
0100307,4384
0007308,4385
0000812,4386
0003782,4387
0000542,4388
0000634,4389
0012321,4390
0006035,4391
0000832,4392
0001226,4393
0005307,4394
0001862,4395
0002723,4396
0002055,4397
0003318,4398
0011536,4399
0008438,4400
0007464,4401
0002681,4402
0000911,4403
0010509,4404
0007054,4405
0000917,4406
0008189,4407
0010500,4408
0004336,4409
0008803,4410
0006598,4411
0012194,4412
0004855,4413
0001976,4414
0006163,4415
0001238,4416
0004771,4417
0012209,4418
0002506,4419
0009534,4420
0006206,4421
0009456,4422
0008449,4423
0100008,4424
0012045,4425
0006362,4426
0006424,4427
0012592,4428
0100611,4429
0005194,4430
0005709,4431
0000793,4432
0011960,4433
0000905,4434
0000870,4435
0001790,4436
0011146,4437
0007519,4438
0012890,4439
0011530,4440
0001040,4441
0004966,4442
0005348,4443
0003463,4444
0009875,4445
0004562,4446
0004490,4447
0010972,4448
0008751,4449
0006937,4450
0007227,4451
0001788,4452
0009575,4453
0009182,4454
0009204,4455
0002742,4456
0006262,4457
0001017,4458
0001871,4459
0002451,4460
0003286,4461
0010173,4462
0010984,4463
0004590,4464
0010292,4465
0012048,4466
0001491,4467
0006756,4468
0012553,4469
0002833,4470
0003292,4471
0006633,4472
0005033,4473
0010934,4474
0007832,4475
0000242,4476
0009729,4477
0010617,4478
0004280,4479
0004891,4480
0002821,4481
0003725,4482
0012238,4483
0003268,4484
0003532,4485
0006473,4486
0001232,4487
0030049,4488
0001106,4489
0007411,4490
0006064,4491
0012275,4492
0010675,4493
0008687,4494
0006118,4495
0100665,4496
0003216,4497
0007838,4498
0006812,4499
0001492,4500
0008568,4501
0011510,4502
0011672,4503
0030054,4504
0006733,4505
0012081,4506
0003271,4507
0010700,4508
0004673,4509
0006184,4510
0003345,4511
0000800,4512
0003163,4513
0006989,4514
0007893,4515
0006442,4516
0006657,4517
0006387,4518
0008749,4519
0009740,4520
0004058,4521
0030507,4522
0000523,4523
0008587,4524
0003469,4525
0007610,4526
0002341,4527
0001115,4528
0000042,4529
0005478,4530
0003778,4531
0005092,4532
0006016,4533
0006454,4534
0003426,4535
0009732,4536
0009734,4537
0003609,4538
0006217,4539
0009914,4540
0008138,4541
0003066,4542
0004387,4543
0011872,4544
0008320,4545
0009161,4546
0012642,4547
0002593,4548
0012125,4549
0005521,4550
0000694,4551
0009110,4552
0003517,4553
0004298,4554
0007530,4555
0001995,4556
0000454,4557
0002947,4558
0006645,4559
0002442,4560
0100303,4561
0011097,4562
0006794,4563
0003203,4564
0100689,4565
0004844,4566
0003453,4567
0012811,4568
0007856,4569
0009638,4570
0007787,4571
0012405,4572
0007209,4573
0011123,4574
0001648,4575
0010982,4576
0002519,4577
0010584,4578
0002378,4579
0006520,4580
0003184,4581
0012577,4582
0001099,4583
0000904,4584
0007006,4585
0004540,4586
0006216,4587
0006929,4588
0002406,4589
0003652,4590
0010546,4591
0012040,4592
0007705,4593
0005946,4594
0009109,4595
0008754,4596
0008729,4597
0007589,4598
0008458,4599
0002927,4600
0012178,4601
0000642,4602
0003224,4603
0007459,4604
0001473,4605
0008655,4606
0005157,4607
0006595,4608
0009789,4609
0009765,4610
0007943,4611
0040169,4612
0030048,4613
0003643,4614
0011695,4615
0007063,4616
0008314,4617
0006400,4618
0010452,4619
0001934,4620
0005429,4621
0008436,4622
0005037,4623
0007089,4624
0006119,4625
0000683,4626
0011520,4627
0003527,4628
0008024,4629
0007779,4630
0003334,4631
0000777,4632
0001941,4633
0007866,4634
0011297,4635
0005376,4636
0009700,4637
0011941,4638
0002296,4639
0011824,4640
0008182,4641
0005987,4642
0005997,4643
0006353,4644
0008401,4645
0010922,4646
0005132,4647
0011704,4648
0025247,4649
0010576,4650
0002845,4651
0005041,4652
0008783,4653
0011834,4654
0004947,4655
0001118,4656
0005206,4657
0004468,4658
0004695,4659
0200114,4660
0003452,4661
0000893,4662
0001996,4663
0007456,4664
0012072,4665
0012282,4666
0002876,4667
0008390,4668
0002562,4669
0008945,4670
0030490,4671
0007685,4672
0004971,4673
0011120,4674
0007007,4675
0200122,4676
0006140,4677
0008747,4678
0012231,4679
0012098,4680
0004886,4681
0001566,4682
0005360,4683
0009762,4684
0007291,4685
0003427,4686
0006461,4687
0011405,4688
0003093,4689
0008708,4690
0004839,4691
0002448,4692
0006965,4693
0004431,4694
0009626,4695
0010705,4696
0002050,4697
0030271,4698
0012027,4699
0007928,4700
0003997,4701
0003084,4702
0008233,4703
0012205,4704
0200138,4705
0000769,4706
0030269,4707
0008277,4708
0002220,4709
0004423,4710
0011711,4711
0000178,4712
0005304,4713
0005379,4714
0008866,4715
0011309,4716
0008362,4717
0400004,4718
0001837,4719
0030260,4720
0007529,4721
0002638,4722
0006789,4723
0007830,4724
0004879,4725
0000721,4726
0010603,4727
0005947,4728
0045016,4729
0008946,4730
0003341,4731
0006499,4732
0003309,4733
0011664,4734
0012133,4735
0006267,4736
0006414,4737
0003656,4738
0006357,4739
0040140,4740
0003215,4741
0004552,4742
0003397,4743
0012254,4744
0003337,4745
0010663,4746
0012322,4747
0005977,4748
0002780,4749
0006097,4750
0200057,4751
0010619,4752
0007117,4753
0100775,4754
0002666,4755
0004925,4756
0004763,4757
0008435,4758
0006615,4759
0006580,4760
0010479,4761
0200053,4762
0010583,4763
0009883,4764
0100663,4765
0005707,4766
0009462,4767
0001474,4768
0003977,4769
0011917,4770
0006573,4771
0008223,4772
0008236,4773
0008767,4774
0006311,4775
0430007,4776
0007095,4777
0007480,4778
0010234,4779
0008593,4780
0002221,4781
0004980,4782
0003596,4783
0005170,4784
0004635,4785
0005147,4786
0004979,4787
0000460,4788
0006127,4789
0012297,4790
0012702,4791
0003392,4792
0003514,4793
0100034,4794
0100000,4795
0001193,4796
0003911,4797
0010259,4798
0008082,4799
0007494,4800
0012407,4801
0005152,4802
0006643,4803
0012069,4804
0001089,4805
0003209,4806
0002165,4807
0012606,4808
0006109,4809
0008948,4810
0008116,4811
0011158,4812
0003698,4813
0010851,4814
0008798,4815
0004626,4816
0006150,4817
0003213,4818
0004894,4819
0008659,4820
0006943,4821
0002731,4822
0002851,4823
0200029,4824
0001955,4825
0005054,4826
0006213,4827
0001218,4828
0003247,4829
0005311,4830
0004758,4831
0008663,4832
0005967,4833
0011718,4834
0006779,4835
0000295,4836
0007903,4837
0007330,4838
0011975,4839
0005301,4840
0005445,4841
0011947,4842
0005218,4843
0010314,4844
0000735,4845
0008288,4846
0200101,4847
0003791,4848
0001885,4849
0000376,4850
0005352,4851
0006714,4852
0009761,4853
0003572,4854
0002686,4855
0002877,4856
0003357,4857
0007204,4858
0007097,4859
0000032,4860
0008440,4861
0002195,4862
0011943,4863
0040016,4864
0010752,4865
0006555,4866
0100807,4867
0003865,4868
0009793,4869
0000896,4870
0000918,4871
0006190,4872
0009917,4873
0012020,4874
0004846,4875
0006766,4876
0008211,4877
0006980,4878
0030454,4879
0007553,4880
0011327,4881
0004743,4882
0030051,4883
0007325,4884
0011133,4885
0009831,4886
0005479,4887
0100252,4888
0010580,4889
0004288,4890
0005335,4891
0000756,4892
0007858,4893
0003089,4894
0000264,4895
0007550,4896
0006386,4897
0000719,4898
0000475,4899
0003262,4900
0005254,4901
0002060,4902
0001931,4903
0005219,4904
0001579,4905
0010852,4906
0001326,4907
0001312,4908
0006771,4909
0008835,4910
0100853,4911
0008394,4912
0006549,4913
0005401,4914
0004447,4915
0005532,4916
0005541,4917
0003654,4918
0005346,4919
0006391,4920
0001783,4921
0004565,4922
0012152,4923
0001112,4924
0007768,4925
0000022,4926
0005050,4927
0005775,4928
0007765,4929
0010048,4930
0004434,4931
0006852,4932
0010454,4933
0008007,4934
0003125,4935
0012256,4936
0001952,4937
0100327,4938
0008309,4939
0006450,4940
0002010,4941
0006316,4942
0003449,4943
0006187,4944
0045061,4945
0002461,4946
0004042,4947
0005586,4948
0007946,4949
0009356,4950
0010302,4951
0009760,4952
0009781,4953
0009783,4954
0006894,4955
0010242,4956
0008484,4957
0100334,4958
0011532,4959
0007020,4960
0010806,4961
0006992,4962
0012259,4963
0005942,4964
0005462,4965
0006743,4966
0002196,4967
0006352,4968
0012376,4969
0000265,4970
0008043,4971
0008096,4972
0001868,4973
0002832,4974
0009835,4975
0004727,4976
0010769,4977
0009104,4978
0008615,4979
0006558,4980
0012187,4981
0012537,4982
0003451,4983
0009650,4984
0011936,4985
0007023,4986
0011313,4987
0002626,4988
0002249,4989
0002159,4990
0005292,4991
0012218,4992
0001128,4993
0003740,4994
0011506,4995
0001008,4996
0003402,4997
0007634,4998
0006179,4999
0012570,5000
0001074,5001
0001062,5002
0008643,5003
0200133,5004
0005278,5005
0001853,5006
0005495,5007
0011537,5008
0007695,5009
0004466,5010
0008166,5011
0008281,5012
0008185,5013
0007561,5014
0006994,5015
0007346,5016
0008968,5017
0010548,5018
0002550,5019
0100959,5020
0002590,5021
0009892,5022
0030127,5023
0100621,5024
0007962,5025
0002086,5026
0012296,5027
0012299,5028
0008335,5029
0006536,5030
0011094,5031
0009129,5032
0005817,5033
0004764,5034
0009554,5035
0005267,5036
0007609,5037
0040142,5038
0007489,5039
0008226,5040
0030328,5041
0011490,5042
0011483,5043
0004761,5044
0000700,5045
0010168,5046
0010270,5047
0009880,5048
0006243,5049
0004910,5050
0003440,5051
0011819,5052
0003799,5053
0010538,5054
0005579,5055
0007975,5056
0040162,5057
0012151,5058
0001899,5059
0001437,5060
0011788,5061
0007971,5062
0005106,5063
0030157,5064
0011813,5065
0008094,5066
0006896,5067
0010521,5068
0002530,5069
0007289,5070
0003462,5071
0008052,5072
0005422,5073
0006347,5074
0005419,5075
0006716,5076
0005511,5077
0003744,5078
0008472,5079
0008488,5080
0001551,5081
0002244,5082
0004459,5083
0009757,5084
0007590,5085
0002161,5086
0100247,5087
0006873,5088
0007220,5089
0011267,5090
0008144,5091
0003717,5092
0003436,5093
0008347,5094
0008785,5095
0008823,5096
0005731,5097
0006882,5098
0006904,5099
0007961,5100
0004856,5101
0004722,5102
0000468,5103
0012092,5104
0007950,5105
0008204,5106
0011325,5107
0003797,5108
0005976,5109
0001223,5110
0200018,5111
0007351,5112
0003244,5113
0005407,5114
0005416,5115
0008441,5116
0030080,5117
0007623,5118
0003765,5119
0012140,5120
0006366,5121
0003329,5122
0004438,5123
0100001,5124
0012551,5125
0012788,5126
0007348,5127
0005303,5128
0000791,5129
0002688,5130
0011807,5131
0010878,5132
0100727,5133
0003466,5134
0006270,5135
0011863,5136
0004524,5137
0008125,5138
0100275,5139
0005336,5140
0006850,5141
0006268,5142
0006784,5143
0001412,5144
0005982,5145
0000591,5146
0009141,5147
0030344,5148
0000661,5149
0001489,5150
0001742,5151
0003760,5152
0005951,5153
0007327,5154
0003450,5155
0005275,5156
0012173,5157
0011808,5158
0002334,5159
0008952,5160
0011565,5161
0007889,5162
0011034,5163
0001988,5164
0002504,5165
0004940,5166
0004637,5167
0012308,5168
0009436,5169
0009349,5170
0009331,5171
0009523,5172
0003105,5173
0011988,5174
0012263,5175
0012135,5176
0006437,5177
0100035,5178
0007542,5179
0007108,5180
0005197,5181
0030663,5182
0004633,5183
0003152,5184
0005297,5185
0006600,5186
0006009,5187
0006344,5188
0200094,5189
0005943,5190
0002601,5191
0002436,5192
0006502,5193
0003252,5194
0007208,5195
0008419,5196
0010618,5197
0006548,5198
0002707,5199
0002561,5200
0006642,5201
0000923,5202
0008445,5203
0005372,5204
0007039,5205
0001877,5206
0005974,5207
0007569,5208
0005133,5209
0040154,5210
0002862,5211
0007236,5212
0007123,5213
0200116,5214
0006276,5215
0005243,5216
0001809,5217
0010709,5218
0007800,5219
0001704,5220
0001095,5221
0007727,5222
0006684,5223
0007446,5224
0003489,5225
0011916,5226
0002895,5227
0100583,5228
0007107,5229
0007397,5230
0008554,5231
0003409,5232
0007913,5233
0000356,5234
0011300,5235
0008162,5236
0007748,5237
0000031,5238
0007299,5239
0007546,5240
0006644,5241
0009592,5242
0030052,5243
0005145,5244
0010794,5245
0006964,5246
0012847,5247
0009747,5248
0012147,5249
0001684,5250
0030436,5251
0006563,5252
0005546,5253
0007448,5254
0007267,5255
0006915,5256
0008801,5257
0008784,5258
0004458,5259
0007132,5260
0011743,5261
0004688,5262
0006145,5263
0006855,5264
0009050,5265
0003185,5266
0005404,5267
0004902,5268
0008794,5269
0010107,5270
0008356,5271
0012340,5272
0010444,5273
0008740,5274
0005866,5275
0005400,5276
0007429,5277
0002605,5278
0004692,5279
0010017,5280
0012087,5281
0006591,5282
0006446,5283
0005617,5284
0200150,5285
0200148,5286
0007760,5287
0007162,5288
0005917,5289
0005537,5290
0001785,5291
0002508,5292
0005905,5293
0008504,5294
0008216,5295
0012242,5296
0008456,5297
0008753,5298
0008744,5299
0200024,5300
0008887,5301
0010447,5302
0004796,5303
0005472,5304
0004630,5305
0004558,5306
0012672,5307
0012532,5308
0030865,5309
0100321,5310
0005045,5311
0045054,5312
0040147,5313
0040144,5314
0002722,5315
0006092,5316
0008119,5317
0008788,5318
0004421,5319
0012428,5320
0000346,5321
0006112,5322
0000706,5323
0005423,5324
0200143,5325
0001351,5326
0007490,5327
0012179,5328
0007627,5329
0004681,5330
0007648,5331
0000867,5332
0007301,5333
0008311,5334
0006114,5335
0001093,5336
0008802,5337
0001194,5338
0100693,5339
0003295,5340
0009017,5341
0005430,5342
0012343,5343
0006477,5344
0007514,5345
0002478,5346
0030434,5347
0030392,5348
0003347,5349
0005632,5350
0003731,5351
0003411,5352
0005807,5353
0008607,5354
0100168,5355
0005063,5356
0030529,5357
0007078,5358
0006237,5359
0009324,5360
0009417,5361
0009587,5362
0200023,5363
0004629,5364
0002190,5365
0010559,5366
0012198,5367
0004848,5368
0009785,5369
0001401,5370
0010765,5371
0008629,5372
0001500,5373
0030237,5374
0100333,5375
0010487,5376
0004960,5377
0006802,5378
0000222,5379
0009514,5380
0008838,5381
0008467,5382
0000650,5383
0009693,5384
0008496,5385
0003138,5386
0008315,5387
0010639,5388
0006913,5389
0009919,5390
0002390,5391
0100630,5392
0006208,5393
0008478,5394
0011502,5395
0007482,5396
0100880,5397
0004872,5398
0007716,5399
0040080,5400
0005656,5401
0001466,5402
0006434,5403
0000198,5404
0003614,5405
0009794,5406
0010517,5407
0008652,5408
0004926,5409
0012168,5410
0008583,5411
0008541,5412
0008354,5413
0100865,5414
0009185,5415
0009909,5416
0004646,5417
0008150,5418
0009939,5419
0000872,5420
0012309,5421
0007313,5422
0005766,5423
0004463,5424
0009555,5425
0200000,5426
0010446,5427
0006863,5428
0011848,5429
0008330,5430
0005183,5431
0010252,5432
0006439,5433
0007438,5434
0006582,5435
0200040,5436
0011734,5437
0005353,5438
0006203,5439
0007064,5440
0007221,5441
0012042,5442
0007017,5443
0002157,5444
0006146,5445
0009279,5446
0008186,5447
0200151,5448
0007583,5449
0001125,5450
0006825,5451
0009742,5452
0004454,5453
0003048,5454
0008818,5455
0002891,5456
0008822,5457
0003784,5458
0007905,5459
0010241,5460
0008789,5461
0010575,5462
0003099,5463
0012039,5464
0000675,5465
0008750,5466
0005639,5467
0006147,5468
0007441,5469
0005991,5470
0006432,5471
0008117,5472
0006813,5473
0006088,5474
0008610,5475
0007854,5476
0012272,5477
0012817,5478
0006355,5479
0008763,5480
0006849,5481
0008985,5482
0000287,5483
0004897,5484
0005446,5485
0007485,5486
0003541,5487
0012070,5488
0100291,5489
0004571,5490
0007258,5491
0007738,5492
0007190,5493
0008962,5494
0010499,5495
0004789,5496
0004760,5497
0004860,5498
0012611,5499
0200073,5500
0001692,5501
0008202,5502
0012229,5503
0002507,5504
0001812,5505
0007668,5506
0011884,5507
0012177,5508
0004389,5509
0006575,5510
0007812,5511
0006564,5512
0003095,5513
0007650,5514
0005060,5515
0006389,5516
0030341,5517
0000619,5518
0008588,5519
0000487,5520
0008998,5521
0009016,5522
0001493,5523
0006384,5524
0004407,5525
0012051,5526
0010602,5527
0004977,5528
0006228,5529
0009820,5530
0005100,5531
0025014,5532
0010485,5533
0008460,5534
0005104,5535
0010236,5536
0004955,5537
0005477,5538
0004835,5539
0400005,5540
0009527,5541
0002457,5542
0008205,5543
0040075,5544
0004836,5545
0002512,5546
0008513,5547
0008482,5548
0007516,5549
0008165,5550
0007989,5551
0008124,5552
0006931,5553
0009099,5554
0005258,5555
0002787,5556
0004876,5557
0012718,5558
0008821,5559
0011367,5560
0012034,5561
0100816,5562
0002564,5563
0000929,5564
0030192,5565
0004783,5566
0012432,5567
0005059,5568
0012019,5569
0012369,5570
0007373,5571
0012091,5572
0100634,5573
0000492,5574
0004305,5575
0012433,5576
0000159,5577
0001167,5578
0011025,5579
0000057,5580
0002011,5581
0004303,5582
0100805,5583
0100336,5584
0012675,5585
0003796,5586
0045010,5587
0009602,5588
0001098,5589
0012649,5590
0011964,5591
0012894,5592
0030057,5593
0100776,5594
0010964,5595
0012071,5596
0012440,5597
0012535,5598
0001937,5599
0040229,5600
0000277,5601
0011153,5602
0002207,5603
0009071,5604
0001578,5605
0003330,5606
0030006,5607
0030208,5608
0030210,5609
0000118,5610
0000811,5611
0010790,5612
0008188,5613
0004302,5614
0007199,5615
0011733,5616
0011121,5617
0100453,5618
0100554,5619
0008605,5620
0011380,5621
0003167,5622
0030282,5623
0000002,5624
0011314,5625
0100561,5626
0100668,5627
0012090,5628
0012758,5629
0100563,5630
0007758,5631
0011333,5632
0007920,5633
0001593,5634
0003366,5635
0004320,5636
0002991,5637
0008706,5638
0005844,5639
0008666,5640
0009593,5641
0030177,5642
0012533,5643
0100011,5644
0010460,5645
0012905,5646
0002763,5647
0003110,5648
0008497,5649
0010940,5650
0008812,5651
0011840,5652
0012785,5653
0100628,5654
0100823,5655
0003335,5656
0012503,5657
0005458,5658
0012748,5659
0012749,5660
0030430,5661
0005397,5662
0011787,5663
0005574,5664
0008732,5665
0001911,5666
0040019,5667
0011398,5668
0012705,5669
0005972,5670
0001002,5671
0025109,5672
0004804,5673
0004890,5674
3000042,5675
0001587,5676
0011349,5677
0010239,5678
0001379,5679
0011842,5680
0011740,5681
0100006,5682
0010924,5683
0025249,5684
0008465,5685
0003367,5686
0011221,5687
0012647,5688
0011784,5689
0011838,5690
0100261,5691
0011336,5692
0004554,5693
0200115,5694
0011277,5695
0011893,5696
0011766,5697
0007686,5698
0100847,5699
0006298,5700
0010989,5701
0007981,5702
0011782,5703
0012505,5704
0012443,5705
0011804,5706
0030349,5707
0002924,5708
0004361,5709
0012856,5710
0100577,5711
0100879,5712
0012598,5713
0011159,5714
0030053,5715
0007057,5716
0010656,5717
0100515,5718
0000009,5719
0000058,5720
0100249,5721
0007863,5722
0012324,5723
0002031,5724
0005240,5725
0005345,5726
0100521,5727
0100580,5728
0100878,5729
0012130,5730
0025035,5731
0025196,5732
0025354,5733
0010829,5734
0008062,5735
0100288,5736
0011147,5737
0045046,5738
0030716,5739
0008682,5740
0040276,5741
0030078,5742
0011286,5743
0011143,5744
0006988,5745
0012154,5746
0007476,5747
0007268,5748
0012768,5749
0011567,5750
0008711,5751
0012584,5752
0005912,5753
0009725,5754
0009371,5755
0012538,5756
0100890,5757
0030432,5758
0010762,5759
0005550,5760
0410005,5761
0100719,5762
0011522,5763
0011521,5764
0002083,5765
0010958,5766
0012239,5767
0008110,5768
0100881,5769
0011451,5770
0011736,5771
0006770,5772
0010921,5773
0007755,5774
0030770,5775
0045044,5776
0011821,5777
0011072,5778
0002961,5779
0010522,5780
0002898,5781
0030066,5782
0030186,5783
0030769,5784
0040233,5785
0040234,5786
0009059,5787
0011166,5788
0100507,5789
0005323,5790
0030642,5791
0004919,5792
0010821,5793
0009733,5794
0007802,5795
0012395,5796
0200058,5797
0100248,5798
0007206,5799
0011099,5800
0002480,5801
0200123,5802
0012028,5803
0012302,5804
0003265,5805
0010980,5806
0008237,5807
0000794,5808
0100009,5809
0010562,5810
0045041,5811
0030360,5812
0100605,5813
0100243,5814
0012579,5815
0005526,5816
0012342,5817
0012288,5818
0006749,5819
0100684,5820
0100754,5821
0030071,5822
0004746,5823
0012578,5824
0030709,5825
0011330,5826
0012341,5827
0007188,5828
0004809,5829
0030725,5830
0030065,5831
0010533,5832
0030358,5833
0030075,5834
0010953,5835
0011798,5836
0010865,5837
0100653,5838
0010734,5839
0040262,5840
0004818,5841
0010445,5842
0011726,5843
0040175,5844
0005764,5845
0005696,5846
0006727,5847
0030069,5848
0003571,5849
0004828,5850
0030760,5851
0012452,5852
0030635,5853
0012636,5854
0100504,5855
0030799,5856
0012044,5857
0011172,5858
0011171,5859
0030219,5860
0004864,5861
0030853,5862
0030357,5863
0011533,5864
0100010,5865
0030359,5866
0012182,5867
0012588,5868
0009718,5869
0004755,5870
0012190,5871
0005850,5872
0011774,5873
0030665,5874
0030284,5875
0100950,5876
0100661,5877
0012329,5878
0030707,5879
0030159,5880
0030713,5881
0100502,5882
